00  1300 0 0
00  1500 0 0
00  1800 0 0
00  2200 0 0
00  2300 0 0
00  2600 0 0
00  4000 0 0
00  4200 0 0
00  4700 0 0
00  4900 0 0
00  6100 0 0
00  6300 0 0
00  6500 0 0
00  6800 0 0
00  7500 0 0
00  8300 0 0
00  8600 0 0
00  8800 0 0
00  9100 0 0
00  9200 0 0
00  9300 0 0
00 1300 0 0 2
00 1500 0 0 2
00 1800 0 0 2
00 2200 0 0 2
00 2300 0 0 2
00 2600 0 0 2
00 4000 0 0 2
00 4200 0 0 2
00 4700 0 0 2
00 4900 0 0 2
00 6100 0 0 2
00 6300 0 0 2
00 6500 0 0 2
00 6800 0 0 2
00 7500 0 0 2
00 8300 0 0 2
00 8600 0 0 2
00 8800 0 0 2
00 9100 0 0 2
00 9200 0 0 2
00 9300 0 0 2
01  1001 0 0
01  2401 0 0
01  2601 0 0
01  2801 0 0
01  4001 0 0
01  4201 0 0
01  4401 0 0
01  4801 0 0
01  5201 0 0
01  5601 0 0
01  5801 0 0
01  6001 0 0
01  6301 0 0
01  6401 0 0
01  6901 0 0
01  7201 0 0
01  7701 0 0
01  7901 0 0
01  9201 0 0
01 1001 0 0 2
01 2401 0 0 2
01 2601 0 0 2
01 2801 0 0 2
01 4001 0 0 2
01 4201 0 0 2
01 4401 0 0 2
01 4801 0 0 2
01 5201 0 0 2
01 5601 0 0 2
01 5801 0 0 2
01 6001 0 0 2
01 6301 0 0 2
01 6401 0 0 2
01 6901 0 0 2
01 7201 0 0 2
01 7701 0 0 2
01 7901 0 0 2
01 9201 0 0 2
02  1002 0 0
02  2102 0 0
02  2602 0 0
02  2702 0 0
02  2802 0 0
02  3002 0 0
02  3302 0 0
02  3602 0 0
02  3702 0 0
02  4002 0 0
02  4902 0 0
02  5002 0 0
02  5402 0 0
02  7502 0 0
02  7602 0 0
02  7702 0 0
02  7802 0 0
02  8202 0 0
02  8402 0 0
02  8602 0 0
02  9402 0 0
02 1002 0 0 2
02 2102 0 0 2
02 2602 0 0 2
02 2702 0 0 2
02 2802 0 0 2
02 3002 0 0 2
02 3302 0 0 2
02 3602 0 0 2
02 3702 0 0 2
02 4002 0 0 2
02 4902 0 0 2
02 5002 0 0 2
02 5402 0 0 2
02 7502 0 0 2
02 7602 0 0 2
02 7702 0 0 2
02 7802 0 0 2
02 8202 0 0 2
02 8402 0 0 2
02 8602 0 0 2
02 9402 0 0 2
03  1003 0 0
03  1103 0 0
03  1303 0 0
03  1403 0 0
03  1603 0 0
03  2003 0 0
03  2303 0 0
03  3603 0 0
03  3703 0 0
03  4103 0 0
03  5003 0 0
03  5603 0 0
03  5703 0 0
03  6003 0 0
03  6303 0 0
03  6403 0 0
03  6703 0 0
03  8303 0 0
03  8403 0 0
03 1003 0 0 2
03 1103 0 0 2
03 1303 0 0 2
03 1403 0 0 2
03 1603 0 0 2
03 2003 0 0 2
03 2303 0 0 2
03 3603 0 0 2
03 3703 0 0 2
03 4103 0 0 2
03 5003 0 0 2
03 5603 0 0 2
03 5703 0 0 2
03 6003 0 0 2
03 6303 0 0 2
03 6403 0 0 2
03 6703 0 0 2
03 8303 0 0 2
03 8403 0 0 2
04  1504 0 0
04  1604 0 0
04  3004 0 0
04  3404 0 0
04  3604 0 0
04  3904 0 0
04  4504 0 0
04  5404 0 0
04  5504 0 0
04  5604 0 0
04  6104 0 0
04  6204 0 0
04  6404 0 0
04  6804 0 0
04  7604 0 0
04  7704 0 0
04  9104 0 0
04 1504 0 0 2
04 1604 0 0 2
04 3004 0 0 2
04 3404 0 0 2
04 3604 0 0 2
04 3904 0 0 2
04 4504 0 0 2
04 5404 0 0 2
04 5504 0 0 2
04 5604 0 0 2
04 6104 0 0 2
04 6204 0 0 2
04 6404 0 0 2
04 6804 0 0 2
04 7604 0 0 2
04 7704 0 0 2
04 9104 0 0 2
05  1105 0 0
05  1805 0 0
05  2005 0 0
05  2305 0 0
05  2705 0 0
05  3405 0 0
05  4405 0 0
05  4605 0 0
05  4905 0 0
05  5005 0 0
05  5105 0 0
05  5405 0 0
05  5505 0 0
05  5605 0 0
05  5705 0 0
05  6105 0 0
05  6305 0 0
05  6405 0 0
05  6505 0 0
05  8305 0 0
05  9305 0 0
05  9705 0 0
05  9905 0 0
05 1105 0 0 2
05 1805 0 0 2
05 2005 0 0 2
05 2305 0 0 2
05 2705 0 0 2
05 3405 0 0 2
05 4405 0 0 2
05 4605 0 0 2
05 4905 0 0 2
05 5005 0 0 2
05 5105 0 0 2
05 5405 0 0 2
05 5505 0 0 2
05 5605 0 0 2
05 5705 0 0 2
05 6105 0 0 2
05 6305 0 0 2
05 6405 0 0 2
05 6505 0 0 2
05 8305 0 0 2
05 9305 0 0 2
05 9705 0 0 2
05 9905 0 0 2
06  1506 0 0
06  2106 0 0
06  3006 0 0
06  3806 0 0
06  5106 0 0
06  5206 0 0
06  5706 0 0
06  7206 0 0
06  7706 0 0
06  8106 0 0
06  8706 0 0
06  9006 0 0
06  9206 0 0
06  9806 0 0
06 1506 0 0 2
06 2106 0 0 2
06 3006 0 0 2
06 3806 0 0 2
06 5106 0 0 2
06 5206 0 0 2
06 5706 0 0 2
06 7206 0 0 2
06 7706 0 0 2
06 8106 0 0 2
06 8706 0 0 2
06 9006 0 0 2
06 9206 0 0 2
06 9806 0 0 2
07  1207 0 0
07  1307 0 0
07  1607 0 0
07  2107 0 0
07  2207 0 0
07  2307 0 0
07  3307 0 0
07  3407 0 0
07  3807 0 0
07  4807 0 0
07  5007 0 0
07  5207 0 0
07  6307 0 0
07  6507 0 0
07  6707 0 0
07  7107 0 0
07  7207 0 0
07  7507 0 0
07  8007 0 0
07  8807 0 0
07  9207 0 0
07 1207 0 0 2
07 1307 0 0 2
07 1607 0 0 2
07 2107 0 0 2
07 2207 0 0 2
07 2307 0 0 2
07 3307 0 0 2
07 3407 0 0 2
07 3807 0 0 2
07 4807 0 0 2
07 5007 0 0 2
07 5207 0 0 2
07 6307 0 0 2
07 6507 0 0 2
07 6707 0 0 2
07 7107 0 0 2
07 7207 0 0 2
07 7507 0 0 2
07 8007 0 0 2
07 8807 0 0 2
07 9207 0 0 2
08  2908 0 0
08  3308 0 0
08  3408 0 0
08  3508 0 0
08  3708 0 0
08  4708 0 0
08  7408 0 0
08  7508 0 0
08  7708 0 0
08  7908 0 0
08  8208 0 0
08  8508 0 0
08  9208 0 0
08 2908 0 0 2
08 3308 0 0 2
08 3408 0 0 2
08 3508 0 0 2
08 3708 0 0 2
08 4708 0 0 2
08 7408 0 0 2
08 7508 0 0 2
08 7708 0 0 2
08 7908 0 0 2
08 8208 0 0 2
08 8508 0 0 2
08 9208 0 0 2
09  1009 0 0
09  1109 0 0
09  1309 0 0
09  1409 0 0
09  3609 0 0
09  3709 0 0
09  4109 0 0
09  4409 0 0
09  4809 0 0
09  5209 0 0
09  5709 0 0
09  7109 0 0
09  7309 0 0
09  7609 0 0
09  8009 0 0
09  8809 0 0
09  9209 0 0
09 1009 0 0 2
09 1109 0 0 2
09 1309 0 0 2
09 1409 0 0 2
09 3609 0 0 2
09 3709 0 0 2
09 4109 0 0 2
09 4409 0 0 2
09 4809 0 0 2
09 5209 0 0 2
09 5709 0 0 2
09 7109 0 0 2
09 7309 0 0 2
09 7609 0 0 2
09 8009 0 0 2
09 8809 0 0 2
09 9209 0 0 2
10  1610 0 0
10  2010 0 0
10  2410 0 0
10  2710 0 0
10  3110 0 0
10  3210 0 0
10  3910 0 0
10  5710 0 0
10  6710 0 0
10  7810 0 0
10  8010 0 0
10  9210 0 0
10 1610 0 0 2
10 2010 0 0 2
10 2410 0 0 2
10 2710 0 0 2
10 3110 0 0 2
10 3210 0 0 2
10 3910 0 0 2
10 5710 0 0 2
10 6710 0 0 2
10 7810 0 0 2
10 8010 0 0 2
10 9210 0 0 2
11  1311 0 0
11  2211 0 0
11  2511 0 0
11  2811 0 0
11  3111 0 0
11  3211 0 0
11  3611 0 0
11  4311 0 0
11  4411 0 0
11  4911 0 0
11  5011 0 0
11  5411 0 0
11  5511 0 0
11  6711 0 0
11  6811 0 0
11  7211 0 0
11  8011 0 0
11  8411 0 0
11 1311 0 0 2
11 2211 0 0 2
11 2511 0 0 2
11 2811 0 0 2
11 3111 0 0 2
11 3211 0 0 2
11 3611 0 0 2
11 4311 0 0 2
11 4411 0 0 2
11 4911 0 0 2
11 5011 0 0 2
11 5411 0 0 2
11 5511 0 0 2
11 6711 0 0 2
11 6811 0 0 2
11 7211 0 0 2
11 8011 0 0 2
11 8411 0 0 2
12  1312 0 0
12  1912 0 0
12  2012 0 0
12  3112 0 0
12  3412 0 0
12  4012 0 0
12  4212 0 0
12  4612 0 0
12  4812 0 0
12  5512 0 0
12  6012 0 0
12  6712 0 0
12  6912 0 0
12  7212 0 0
12  8912 0 0
12 1312 0 0 2
12 1912 0 0 2
12 2012 0 0 2
12 3112 0 0 2
12 3412 0 0 2
12 4012 0 0 2
12 4212 0 0 2
12 4612 0 0 2
12 4812 0 0 2
12 5512 0 0 2
12 6012 0 0 2
12 6712 0 0 2
12 6912 0 0 2
12 7212 0 0 2
12 8912 0 0 2
13  1113 0 0
13  2113 0 0
13  2513 0 0
13  2613 0 0
13  3013 0 0
13  3313 0 0
13  3413 0 0
13  3613 0 0
13  3913 0 0
13  4913 0 0
13  5313 0 0
13  5513 0 0
13  6313 0 0
13  6513 0 0
13  7813 0 0
13  8213 0 0
13  9013 0 0
13  9113 0 0
13  9313 0 0
13  9513 0 0
13  9613 0 0
13  9713 0 0
13 1113 0 0 2
13 2113 0 0 2
13 2513 0 0 2
13 2613 0 0 2
13 3013 0 0 2
13 3313 0 0 2
13 3413 0 0 2
13 3613 0 0 2
13 3913 0 0 2
13 4913 0 0 2
13 5313 0 0 2
13 5513 0 0 2
13 6313 0 0 2
13 6513 0 0 2
13 7813 0 0 2
13 8213 0 0 2
13 9013 0 0 2
13 9113 0 0 2
13 9313 0 0 2
13 9513 0 0 2
13 9613 0 0 2
13 9713 0 0 2
14  1114 0 0
14  1914 0 0
14  2014 0 0
14  2414 0 0
14  2614 0 0
14  3514 0 0
14  3614 0 0
14  3714 0 0
14  4614 0 0
14  4814 0 0
14  4914 0 0
14  5214 0 0
14  5314 0 0
14  6314 0 0
14  6414 0 0
14  7014 0 0
14  7214 0 0
14  7314 0 0
14  7614 0 0
14  8014 0 0
14  8414 0 0
14  9914 0 0
14 1114 0 0 2
14 1914 0 0 2
14 2014 0 0 2
14 2414 0 0 2
14 2614 0 0 2
14 3514 0 0 2
14 3614 0 0 2
14 3714 0 0 2
14 4614 0 0 2
14 4814 0 0 2
14 4914 0 0 2
14 5214 0 0 2
14 5314 0 0 2
14 6314 0 0 2
14 6414 0 0 2
14 7014 0 0 2
14 7214 0 0 2
14 7314 0 0 2
14 7614 0 0 2
14 8014 0 0 2
14 8414 0 0 2
14 9914 0 0 2
15  1015 0 0
15  1915 0 0
15  2215 0 0
15  2315 0 0
15  2515 0 0
15  3415 0 0
15  3615 0 0
15  3815 0 0
15  4215 0 0
15  4415 0 0
15  4915 0 0
15  5015 0 0
15  6115 0 0
15  6415 0 0
15  6615 0 0
15  6715 0 0
15  6815 0 0
15  6915 0 0
15  7115 0 0
15  8815 0 0
15 1015 0 0 2
15 1915 0 0 2
15 2215 0 0 2
15 2315 0 0 2
15 2515 0 0 2
15 3415 0 0 2
15 3615 0 0 2
15 3815 0 0 2
15 4215 0 0 2
15 4415 0 0 2
15 4915 0 0 2
15 5015 0 0 2
15 6115 0 0 2
15 6415 0 0 2
15 6615 0 0 2
15 6715 0 0 2
15 6815 0 0 2
15 6915 0 0 2
15 7115 0 0 2
15 8815 0 0 2
16  1016 0 0
16  1916 0 0
16  2316 0 0
16  2716 0 0
16  3516 0 0
16  3816 0 0
16  4716 0 0
16  4916 0 0
16  5116 0 0
16  5516 0 0
16  6216 0 0
16  6316 0 0
16  6916 0 0
16  7316 0 0
16  7716 0 0
16  8116 0 0
16  8716 0 0
16  9216 0 0
16  9316 0 0
16 1016 0 0 2
16 1916 0 0 2
16 2316 0 0 2
16 2716 0 0 2
16 3516 0 0 2
16 3816 0 0 2
16 4716 0 0 2
16 4916 0 0 2
16 5116 0 0 2
16 5516 0 0 2
16 6216 0 0 2
16 6316 0 0 2
16 6916 0 0 2
16 7316 0 0 2
16 7716 0 0 2
16 8116 0 0 2
16 8716 0 0 2
16 9216 0 0 2
16 9316 0 0 2
17  2217 0 0
17  2517 0 0
17  3717 0 0
17  4417 0 0
17  4717 0 0
17  6417 0 0
17  6617 0 0
17  6717 0 0
17  6817 0 0
17  7017 0 0
17  7117 0 0
17  7217 0 0
17  7617 0 0
17  7717 0 0
17  7817 0 0
17  8717 0 0
17  9117 0 0
17  9417 0 0
17  9817 0 0
17 2217 0 0 2
17 2517 0 0 2
17 3717 0 0 2
17 4417 0 0 2
17 4717 0 0 2
17 6417 0 0 2
17 6617 0 0 2
17 6717 0 0 2
17 6817 0 0 2
17 7017 0 0 2
17 7117 0 0 2
17 7217 0 0 2
17 7617 0 0 2
17 7717 0 0 2
17 7817 0 0 2
17 8717 0 0 2
17 9117 0 0 2
17 9417 0 0 2
17 9817 0 0 2
18  1018 0 0
18  1618 0 0
18  1918 0 0
18  2018 0 0
18  2118 0 0
18  2418 0 0
18  3018 0 0
18  3718 0 0
18  4618 0 0
18  5018 0 0
18  5618 0 0
18  5718 0 0
18  6418 0 0
18  6518 0 0
18  6918 0 0
18  7818 0 0
18  8218 0 0
18  8918 0 0
18  9218 0 0
18  9518 0 0
18  9618 0 0
18 1018 0 0 2
18 1618 0 0 2
18 1918 0 0 2
18 2018 0 0 2
18 2118 0 0 2
18 2418 0 0 2
18 3018 0 0 2
18 3718 0 0 2
18 4618 0 0 2
18 5018 0 0 2
18 5618 0 0 2
18 5718 0 0 2
18 6418 0 0 2
18 6518 0 0 2
18 6918 0 0 2
18 7818 0 0 2
18 8218 0 0 2
18 8918 0 0 2
18 9218 0 0 2
18 9518 0 0 2
18 9618 0 0 2
19  1019 0 0
19  1119 0 0
19  1419 0 0
19  1619 0 0
19  2219 0 0
19  2519 0 0
19  2619 0 0
19  2819 0 0
19  2919 0 0
19  3819 0 0
19  4019 0 0
19  4219 0 0
19  5019 0 0
19  5119 0 0
19  5619 0 0
19  5919 0 0
19  6119 0 0
19  6319 0 0
19  6719 0 0
19  7019 0 0
19  7419 0 0
19  7819 0 0
19  8319 0 0
19  8419 0 0
19  8519 0 0
19  8919 0 0
19  9019 0 0
19  9219 0 0
19  9419 0 0
19  9519 0 0
19  9619 0 0
19 1019 0 0 2
19 1119 0 0 2
19 1419 0 0 2
19 1619 0 0 2
19 2219 0 0 2
19 2519 0 0 2
19 2619 0 0 2
19 2819 0 0 2
19 2919 0 0 2
19 3819 0 0 2
19 4019 0 0 2
19 4219 0 0 2
19 5019 0 0 2
19 5119 0 0 2
19 5619 0 0 2
19 5919 0 0 2
19 6119 0 0 2
19 6319 0 0 2
19 6719 0 0 2
19 7019 0 0 2
19 7419 0 0 2
19 7819 0 0 2
19 8319 0 0 2
19 8419 0 0 2
19 8519 0 0 2
19 8919 0 0 2
19 9019 0 0 2
19 9219 0 0 2
19 9419 0 0 2
19 9519 0 0 2
19 9619 0 0 2
20  1020 0 0
20  1720 0 0
20  2120 0 0
20  2720 0 0
20  3720 0 0
20  3820 0 0
20  4720 0 0
20  5320 0 0
20  6120 0 0
20  6620 0 0
20  7320 0 0
20  7420 0 0
20  9520 0 0
20  9820 0 0
20 1020 0 0 2
20 1720 0 0 2
20 2120 0 0 2
20 2720 0 0 2
20 3720 0 0 2
20 3820 0 0 2
20 4720 0 0 2
20 5320 0 0 2
20 6120 0 0 2
20 6620 0 0 2
20 7320 0 0 2
20 7420 0 0 2
20 9520 0 0 2
20 9820 0 0 2
21  1121 0 0
21  1421 0 0
21  1721 0 0
21  2321 0 0
21  3321 0 0
21  3421 0 0
21  4021 0 0
21  4721 0 0
21  5321 0 0
21  5521 0 0
21  5621 0 0
21  6121 0 0
21  6521 0 0
21  7221 0 0
21  8221 0 0
21  9021 0 0
21  9821 0 0
21 1121 0 0 2
21 1421 0 0 2
21 1721 0 0 2
21 2321 0 0 2
21 3321 0 0 2
21 3421 0 0 2
21 4021 0 0 2
21 4721 0 0 2
21 5321 0 0 2
21 5521 0 0 2
21 5621 0 0 2
21 6121 0 0 2
21 6521 0 0 2
21 7221 0 0 2
21 8221 0 0 2
21 9021 0 0 2
21 9821 0 0 2
21 CSD BT21CSD001 0 0
21 CSD BT21CSD002 0 0
21 CSD BT21CSD003 0 0
21 CSD BT21CSD004 0 0
21 CSD BT21CSD005 0 0
21 CSD BT21CSD006 0 0
21 CSD BT21CSD007 0 0
21 CSD BT21CSD008 0 0
21 CSD BT21CSD009 0 0
21 CSD BT21CSD010 0 0
21 CSD BT21CSD011 0 0
21 CSD BT21CSD012 0 0
21 CSD BT21CSD013 0 0
21 CSD BT21CSD014 0 0
21 CSD BT21CSD015 0 0
21 CSD BT21CSD016 0 0
21 CSD BT21CSD017 0 0
21 CSD BT21CSD018 0 0
21 CSD BT21CSD019 0 0
21 CSD BT21CSD020 0 0
21 CSD BT21CSD021 0 0
21 CSD BT21CSD022 0 0
21 CSD BT21CSD023 0 0
21 CSD BT21CSD024 0 0
21 CSD BT21CSD025 0 0
21 CSD BT21CSD026 0 0
21 CSD BT21CSD027 0 0
21 CSD BT21CSD028 0 0
21 CSD BT21CSD029 0 0
21 CSD BT21CSD030 0 0
21 CSD BT21CSD031 0 0
21 CSD BT21CSD032 0 0
21 CSD BT21CSD033 0 0
21 CSD BT21CSD034 0 0
21 CSD BT21CSD035 0 0
21 CSD BT21CSD036 0 0
21 CSD BT21CSD037 0 0
21 CSD BT21CSD038 0 0
21 CSD BT21CSD039 0 0
21 CSD BT21CSD040 0 0
21 CSD BT21CSD041 0 0
21 CSD BT21CSD042 0 0
21 CSD BT21CSD043 0 0
21 CSD BT21CSD044 0 0
21 CSD BT21CSD045 0 0
21 CSD BT21CSD046 0 0
21 CSD BT21CSD047 0 0
21 CSD BT21CSD048 0 0
21 CSD BT21CSD049 0 0
21 CSD BT21CSD050 0 0
21 CSD BT21CSD051 0 0
21 CSD BT21CSD052 0 0
21 CSD BT21CSD053 0 0
21 CSD BT21CSD054 0 0
21 CSD BT21CSD055 0 0
21 CSD BT21CSD056 0 0
21 CSD BT21CSD057 0 0
21 CSD BT21CSD058 0 0
21 CSD BT21CSD059 0 0
21 CSD BT21CSD060 0 0
21 CSD BT21CSD061 0 0
21 CSD BT21CSD062 0 0
21 CSD BT21CSD063 0 0
21 CSD BT21CSD064 0 0
21 CSD BT21CSD065 0 0
21 CSD BT21CSD066 0 0
21 CSD BT21CSD067 0 0
21 CSD BT21CSD068 0 0
21 CSD BT21CSD069 0 0
21 CSD BT21CSD070 0 0
21 CSE BT21CSE001 0 0
21 CSE BT21CSE002 0 0
21 CSE BT21CSE003 0 0
21 CSE BT21CSE004 0 0
21 CSE BT21CSE005 0 0
21 CSE BT21CSE006 0 0
21 CSE BT21CSE007 0 0
21 CSE BT21CSE008 0 0
21 CSE BT21CSE009 0 0
21 CSE BT21CSE010 0 0
21 CSE BT21CSE011 0 0
21 CSE BT21CSE012 0 0
21 CSE BT21CSE013 0 0
21 CSE BT21CSE014 0 0
21 CSE BT21CSE015 0 0
21 CSE BT21CSE016 0 0
21 CSE BT21CSE017 0 0
21 CSE BT21CSE018 0 0
21 CSE BT21CSE019 0 0
21 CSE BT21CSE020 0 0
21 CSE BT21CSE021 0 0
21 CSE BT21CSE022 0 0
21 CSE BT21CSE023 0 0
21 CSE BT21CSE024 0 0
21 CSE BT21CSE025 0 0
21 CSE BT21CSE026 0 0
21 CSE BT21CSE027 0 0
21 CSE BT21CSE028 0 0
21 CSE BT21CSE029 0 0
21 CSE BT21CSE030 0 0
21 CSE BT21CSE031 0 0
21 CSE BT21CSE032 0 0
21 CSE BT21CSE033 0 0
21 CSE BT21CSE034 0 0
21 CSE BT21CSE035 0 0
21 CSE BT21CSE036 0 0
21 CSE BT21CSE037 0 0
21 CSE BT21CSE038 0 0
21 CSE BT21CSE039 0 0
21 CSE BT21CSE040 0 0
21 CSE BT21CSE041 0 0
21 CSE BT21CSE042 0 0
21 CSE BT21CSE043 0 0
21 CSE BT21CSE044 0 0
21 CSE BT21CSE045 0 0
21 CSE BT21CSE046 0 0
21 CSE BT21CSE047 0 0
21 CSE BT21CSE048 0 0
21 CSE BT21CSE049 0 0
21 CSE BT21CSE050 0 0
21 CSE BT21CSE051 0 0
21 CSE BT21CSE052 0 0
21 CSE BT21CSE053 0 0
21 CSE BT21CSE054 0 0
21 CSE BT21CSE055 0 0
21 CSE BT21CSE056 0 0
21 CSE BT21CSE057 0 0
21 CSE BT21CSE058 0 0
21 CSE BT21CSE059 0 0
21 CSE BT21CSE060 0 0
21 CSE BT21CSE061 0 0
21 CSE BT21CSE062 0 0
21 CSE BT21CSE063 0 0
21 CSE BT21CSE064 0 0
21 CSE BT21CSE065 0 0
21 CSE BT21CSE066 0 0
21 CSE BT21CSE067 0 0
21 CSE BT21CSE068 0 0
21 CSE BT21CSE069 0 0
21 CSE BT21CSE070 0 0
21 CSE BT21CSE071 0 0
21 CSE BT21CSE072 0 0
21 CSE BT21CSE073 0 0
21 CSE BT21CSE074 0 0
21 CSE BT21CSE075 0 0
21 CSE BT21CSE076 0 0
21 CSE BT21CSE077 0 0
21 CSE BT21CSE078 0 0
21 CSE BT21CSE079 0 0
21 CSE BT21CSE080 0 0
21 CSE BT21CSE081 0 0
21 CSE BT21CSE082 0 0
21 CSE BT21CSE083 0 0
21 CSE BT21CSE084 0 0
21 CSE BT21CSE085 0 0
21 CSE BT21CSE086 0 0
21 CSE BT21CSE087 0 0
21 CSE BT21CSE088 0 0
21 CSE BT21CSE089 0 0
21 CSE BT21CSE090 0 0
21 CSE BT21CSE091 0 0
21 CSE BT21CSE092 0 0
21 CSE BT21CSE093 0 0
21 CSE BT21CSE094 0 0
21 CSE BT21CSE095 0 0
21 CSE BT21CSE096 0 0
21 CSE BT21CSE097 0 0
21 CSE BT21CSE098 0 0
21 CSE BT21CSE099 0 0
21 CSE BT21CSE100 0 0
21 CSE BT21CSE101 0 0
21 CSE BT21CSE102 0 0
21 CSE BT21CSE103 0 0
21 CSE BT21CSE104 0 0
21 CSE BT21CSE105 0 0
21 CSE BT21CSE106 0 0
21 CSE BT21CSE107 0 0
21 CSE BT21CSE108 0 0
21 CSE BT21CSE109 0 0
21 CSE BT21CSE110 0 0
21 CSE BT21CSE111 0 0
21 CSE BT21CSE112 0 0
21 CSE BT21CSE113 0 0
21 CSE BT21CSE114 0 0
21 CSE BT21CSE115 0 0
21 CSE BT21CSE116 0 0
21 CSE BT21CSE117 0 0
21 CSE BT21CSE118 0 0
21 CSE BT21CSE119 0 0
21 CSE BT21CSE120 0 0
21 CSE BT21CSE121 0 0
21 CSE BT21CSE122 0 0
21 CSE BT21CSE123 0 0
21 CSE BT21CSE124 0 0
21 CSE BT21CSE125 0 0
21 CSE BT21CSE126 0 0
21 CSE BT21CSE127 0 0
21 CSE BT21CSE128 0 0
21 CSE BT21CSE129 0 0
21 CSE BT21CSE130 0 0
21 CSE BT21CSE131 0 0
21 CSE BT21CSE132 0 0
21 CSE BT21CSE133 0 0
21 CSE BT21CSE134 0 0
21 CSE BT21CSE135 0 0
21 CSE BT21CSE136 0 0
21 CSE BT21CSE137 0 0
21 CSE BT21CSE138 0 0
21 CSE BT21CSE139 0 0
21 CSE BT21CSE140 0 0
21 CSE BT21CSE141 0 0
21 CSE BT21CSE142 0 0
21 CSE BT21CSE143 0 0
21 CSE BT21CSE144 0 0
21 CSE BT21CSE145 0 0
21 CSE BT21CSE146 0 0
21 CSE BT21CSE147 0 0
21 CSE BT21CSE148 0 0
21 CSE BT21CSE149 0 0
21 CSE BT21CSE150 0 0
21 CSE BT21CSE151 0 0
21 CSE BT21CSE152 0 0
21 CSE BT21CSE153 0 0
21 CSE BT21CSE154 0 0
21 CSE BT21CSE155 0 0
21 CSE BT21CSE156 0 0
21 CSE BT21CSE157 0 0
21 CSE BT21CSE158 0 0
21 CSE BT21CSE159 0 0
21 CSE BT21CSE160 0 0
21 CSE BT21CSE161 0 0
21 CSE BT21CSE162 0 0
21 CSE BT21CSE163 0 0
21 CSE BT21CSE164 0 0
21 CSE BT21CSE165 0 0
21 CSE BT21CSE166 0 0
21 CSE BT21CSE167 0 0
21 CSE BT21CSE168 0 0
21 CSE BT21CSE169 0 0
21 CSE BT21CSE170 0 0
21 CSE BT21CSE171 0 0
21 CSE BT21CSE172 0 0
21 CSE BT21CSE173 0 0
21 CSE BT21CSE174 0 0
21 CSE BT21CSE175 0 0
21 CSE BT21CSE176 0 0
21 CSE BT21CSE177 0 0
21 CSE BT21CSE178 0 0
21 CSE BT21CSE179 0 0
21 CSE BT21CSE180 0 0
21 CSE BT21CSE181 0 0
21 CSE BT21CSE182 0 0
21 CSE BT21CSE183 0 0
21 CSE BT21CSE184 0 0
21 CSE BT21CSE185 0 0
21 CSE BT21CSE186 0 0
21 CSE BT21CSE187 0 0
21 CSE BT21CSE188 0 0
21 CSE BT21CSE189 0 0
21 CSE BT21CSE190 0 0
21 CSE BT21CSE191 0 0
21 CSE BT21CSE192 0 0
21 CSE BT21CSE193 0 0
21 CSE BT21CSE194 0 0
21 CSE BT21CSE195 0 0
21 CSE BT21CSE196 0 0
21 CSE BT21CSE197 0 0
21 CSE BT21CSE198 0 0
21 CSE BT21CSE199 0 0
21 CSE BT21CSE200 0 0
21 CSE BT21CSE201 0 0
21 CSE BT21CSE202 0 0
21 CSE BT21CSE203 0 0
21 CSE BT21CSE204 0 0
21 CSE BT21CSE205 0 0
21 CSE BT21CSE206 0 0
21 CSE BT21CSE207 0 0
21 CSE BT21CSE208 0 0
21 CSE BT21CSE209 0 0
21 CSE BT21CSE210 0 0
21 CSH BT21CSH001 0 0
21 CSH BT21CSH002 0 0
21 CSH BT21CSH003 0 0
21 CSH BT21CSH004 0 0
21 CSH BT21CSH005 0 0
21 CSH BT21CSH006 0 0
21 CSH BT21CSH007 0 0
21 CSH BT21CSH008 0 0
21 CSH BT21CSH009 0 0
21 CSH BT21CSH010 0 0
21 CSH BT21CSH011 0 0
21 CSH BT21CSH012 0 0
21 CSH BT21CSH013 0 0
21 CSH BT21CSH014 0 0
21 CSH BT21CSH015 0 0
21 CSH BT21CSH016 0 0
21 CSH BT21CSH017 0 0
21 CSH BT21CSH018 0 0
21 CSH BT21CSH019 0 0
21 CSH BT21CSH020 0 0
21 CSH BT21CSH021 0 0
21 CSH BT21CSH022 0 0
21 CSH BT21CSH023 0 0
21 CSH BT21CSH024 0 0
21 CSH BT21CSH025 0 0
21 CSH BT21CSH026 0 0
21 CSH BT21CSH027 0 0
21 CSH BT21CSH028 0 0
21 CSH BT21CSH029 0 0
21 CSH BT21CSH030 0 0
21 CSH BT21CSH031 0 0
21 CSH BT21CSH032 0 0
21 CSH BT21CSH033 0 0
21 CSH BT21CSH034 0 0
21 CSH BT21CSH035 0 0
21 CSH BT21CSH036 0 0
21 CSH BT21CSH037 0 0
21 CSH BT21CSH038 0 0
21 CSH BT21CSH039 0 0
21 CSH BT21CSH040 0 0
21 CSH BT21CSH041 0 0
21 CSH BT21CSH042 0 0
21 CSH BT21CSH043 0 0
21 CSH BT21CSH044 0 0
21 CSH BT21CSH045 0 0
21 CSH BT21CSH046 0 0
21 CSH BT21CSH047 0 0
21 CSH BT21CSH048 0 0
21 CSH BT21CSH049 0 0
21 CSH BT21CSH050 0 0
21 CSH BT21CSH051 0 0
21 CSH BT21CSH052 0 0
21 CSH BT21CSH053 0 0
21 CSH BT21CSH054 0 0
21 CSH BT21CSH055 0 0
21 CSH BT21CSH056 0 0
21 CSH BT21CSH057 0 0
21 CSH BT21CSH058 0 0
21 CSH BT21CSH059 0 0
21 CSH BT21CSH060 0 0
21 CSH BT21CSH061 0 0
21 CSH BT21CSH062 0 0
21 CSH BT21CSH063 0 0
21 CSH BT21CSH064 0 0
21 CSH BT21CSH065 0 0
21 CSH BT21CSH066 0 0
21 CSH BT21CSH067 0 0
21 CSH BT21CSH068 0 0
21 CSH BT21CSH069 0 0
21 CSH BT21CSH070 0 0
21 ECE BT21ECE001 0 0
21 ECE BT21ECE002 0 0
21 ECE BT21ECE003 0 0
21 ECE BT21ECE004 0 0
21 ECE BT21ECE005 0 0
21 ECE BT21ECE006 0 0
21 ECE BT21ECE007 0 0
21 ECE BT21ECE008 0 0
21 ECE BT21ECE009 0 0
21 ECE BT21ECE010 0 0
21 ECE BT21ECE011 0 0
21 ECE BT21ECE012 0 0
21 ECE BT21ECE013 0 0
21 ECE BT21ECE014 0 0
21 ECE BT21ECE015 0 0
21 ECE BT21ECE016 0 0
21 ECE BT21ECE017 0 0
21 ECE BT21ECE018 0 0
21 ECE BT21ECE019 0 0
21 ECE BT21ECE020 0 0
21 ECE BT21ECE021 0 0
21 ECE BT21ECE022 0 0
21 ECE BT21ECE023 0 0
21 ECE BT21ECE024 0 0
21 ECE BT21ECE025 0 0
21 ECE BT21ECE026 0 0
21 ECE BT21ECE027 0 0
21 ECE BT21ECE028 0 0
21 ECE BT21ECE029 0 0
21 ECE BT21ECE030 0 0
21 ECE BT21ECE031 0 0
21 ECE BT21ECE032 0 0
21 ECE BT21ECE033 0 0
21 ECE BT21ECE034 0 0
21 ECE BT21ECE035 0 0
21 ECE BT21ECE036 0 0
21 ECE BT21ECE037 0 0
21 ECE BT21ECE038 0 0
21 ECE BT21ECE039 0 0
21 ECE BT21ECE040 0 0
21 ECE BT21ECE041 0 0
21 ECE BT21ECE042 0 0
21 ECE BT21ECE043 0 0
21 ECE BT21ECE044 0 0
21 ECE BT21ECE045 0 0
21 ECE BT21ECE046 0 0
21 ECE BT21ECE047 0 0
21 ECE BT21ECE048 0 0
21 ECE BT21ECE049 0 0
21 ECE BT21ECE050 0 0
21 ECE BT21ECE051 0 0
21 ECE BT21ECE052 0 0
21 ECE BT21ECE053 0 0
21 ECE BT21ECE054 0 0
21 ECE BT21ECE055 0 0
21 ECE BT21ECE056 0 0
21 ECE BT21ECE057 0 0
21 ECE BT21ECE058 0 0
21 ECE BT21ECE059 0 0
21 ECE BT21ECE060 0 0
21 ECE BT21ECE061 0 0
21 ECE BT21ECE062 0 0
21 ECE BT21ECE063 0 0
21 ECE BT21ECE064 0 0
21 ECE BT21ECE065 0 0
21 ECE BT21ECE066 0 0
21 ECE BT21ECE067 0 0
21 ECE BT21ECE068 0 0
21 ECE BT21ECE069 0 0
21 ECE BT21ECE070 0 0
21 ECE BT21ECE071 0 0
21 ECE BT21ECE072 0 0
21 ECE BT21ECE073 0 0
21 ECE BT21ECE074 0 0
21 ECE BT21ECE075 0 0
21 ECE BT21ECE076 0 0
21 ECE BT21ECE077 0 0
21 ECE BT21ECE078 0 0
21 ECE BT21ECE079 0 0
21 ECE BT21ECE080 0 0
21 ECE BT21ECE081 0 0
21 ECE BT21ECE082 0 0
21 ECE BT21ECE083 0 0
21 ECE BT21ECE084 0 0
21 ECE BT21ECE085 0 0
21 ECE BT21ECE086 0 0
21 ECE BT21ECE087 0 0
21 ECE BT21ECE088 0 0
21 ECE BT21ECE089 0 0
21 ECE BT21ECE090 0 0
21 ECE BT21ECE091 0 0
21 ECE BT21ECE092 0 0
21 ECE BT21ECE093 0 0
21 ECE BT21ECE094 0 0
21 ECE BT21ECE095 0 0
21 ECE BT21ECE096 0 0
21 ECE BT21ECE097 0 0
21 ECE BT21ECE098 0 0
21 ECE BT21ECE099 0 0
21 ECE BT21ECE100 0 0
21 ECE BT21ECE101 0 0
21 ECE BT21ECE102 0 0
21 ECE BT21ECE103 0 0
21 ECE BT21ECE104 0 0
21 ECE BT21ECE105 0 0
21 ECE BT21ECE106 0 0
21 ECE BT21ECE107 0 0
21 ECE BT21ECE108 0 0
21 ECE BT21ECE109 0 0
21 ECE BT21ECE110 0 0
21 ECE BT21ECE111 0 0
21 ECE BT21ECE112 0 0
21 ECE BT21ECE113 0 0
21 ECE BT21ECE114 0 0
21 ECE BT21ECE115 0 0
21 ECE BT21ECE116 0 0
21 ECE BT21ECE117 0 0
21 ECE BT21ECE118 0 0
21 ECE BT21ECE119 0 0
21 ECE BT21ECE120 0 0
21 ECE BT21ECE121 0 0
21 ECE BT21ECE122 0 0
21 ECE BT21ECE123 0 0
21 ECE BT21ECE124 0 0
21 ECE BT21ECE125 0 0
21 ECE BT21ECE126 0 0
21 ECE BT21ECE127 0 0
21 ECE BT21ECE128 0 0
21 ECE BT21ECE129 0 0
21 ECE BT21ECE130 0 0
21 ECE BT21ECE131 0 0
21 ECE BT21ECE132 0 0
21 ECE BT21ECE133 0 0
21 ECE BT21ECE134 0 0
21 ECE BT21ECE135 0 0
21 ECE BT21ECE136 0 0
21 ECE BT21ECE137 0 0
21 ECE BT21ECE138 0 0
21 ECE BT21ECE139 0 0
21 ECE BT21ECE140 0 0
21 ECE BT21ECE141 0 0
21 ECE BT21ECE142 0 0
21 ECE BT21ECE143 0 0
21 ECE BT21ECE144 0 0
21 ECE BT21ECE145 0 0
21 ECE BT21ECE146 0 0
21 ECE BT21ECE147 0 0
21 ECE BT21ECE148 0 0
21 ECE BT21ECE149 0 0
21 ECE BT21ECE150 0 0
21 ECI BT21ECI001 0 0
21 ECI BT21ECI002 0 0
21 ECI BT21ECI003 0 0
21 ECI BT21ECI004 0 0
21 ECI BT21ECI005 0 0
21 ECI BT21ECI006 0 0
21 ECI BT21ECI007 0 0
21 ECI BT21ECI008 0 0
21 ECI BT21ECI009 0 0
21 ECI BT21ECI010 0 0
21 ECI BT21ECI011 0 0
21 ECI BT21ECI012 0 0
21 ECI BT21ECI013 0 0
21 ECI BT21ECI014 0 0
21 ECI BT21ECI015 0 0
21 ECI BT21ECI016 0 0
21 ECI BT21ECI017 0 0
21 ECI BT21ECI018 0 0
21 ECI BT21ECI019 0 0
21 ECI BT21ECI020 0 0
21 ECI BT21ECI021 0 0
21 ECI BT21ECI022 0 0
21 ECI BT21ECI023 0 0
21 ECI BT21ECI024 0 0
21 ECI BT21ECI025 0 0
21 ECI BT21ECI026 0 0
21 ECI BT21ECI027 0 0
21 ECI BT21ECI028 0 0
21 ECI BT21ECI029 0 0
21 ECI BT21ECI030 0 0
21 ECI BT21ECI031 0 0
21 ECI BT21ECI032 0 0
21 ECI BT21ECI033 0 0
21 ECI BT21ECI034 0 0
21 ECI BT21ECI035 0 0
21 ECI BT21ECI036 0 0
21 ECI BT21ECI037 0 0
21 ECI BT21ECI038 0 0
21 ECI BT21ECI039 0 0
21 ECI BT21ECI040 0 0
21 ECI BT21ECI041 0 0
21 ECI BT21ECI042 0 0
21 ECI BT21ECI043 0 0
21 ECI BT21ECI044 0 0
21 ECI BT21ECI045 0 0
21 ECI BT21ECI046 0 0
21 ECI BT21ECI047 0 0
21 ECI BT21ECI048 0 0
21 ECI BT21ECI049 0 0
21 ECI BT21ECI050 0 0
21 ECI BT21ECI051 0 0
21 ECI BT21ECI052 0 0
21 ECI BT21ECI053 0 0
21 ECI BT21ECI054 0 0
21 ECI BT21ECI055 0 0
21 ECI BT21ECI056 0 0
21 ECI BT21ECI057 0 0
21 ECI BT21ECI058 0 0
21 ECI BT21ECI059 0 0
21 ECI BT21ECI060 0 0
21 ECI BT21ECI061 0 0
21 ECI BT21ECI062 0 0
21 ECI BT21ECI063 0 0
21 ECI BT21ECI064 0 0
21 ECI BT21ECI065 0 0
21 ECI BT21ECI066 0 0
21 ECI BT21ECI067 0 0
21 ECI BT21ECI068 0 0
21 ECI BT21ECI069 0 0
21 ECI BT21ECI070 0 0
22  1522 0 0
22  1922 0 0
22  2422 0 0
22  2822 0 0
22  2922 0 0
22  3322 0 0
22  3522 0 0
22  4222 0 0
22  4722 0 0
22  4822 0 0
22  4922 0 0
22  5722 0 0
22  6022 0 0
22  6422 0 0
22  6822 0 0
22  7122 0 0
22  7722 0 0
22  9322 0 0
22  9522 0 0
22  9622 0 0
22 1522 0 0 0
22 1922 0 0 0
22 2422 0 0 0
22 2822 0 0 0
22 2922 0 0 0
22 3322 0 0 0
22 3522 0 0 0
22 4222 0 0 0
22 4722 0 0 0
22 4822 0 0 0
22 4922 0 0 0
22 5722 0 0 0
22 6022 0 0 0
22 6422 0 0 0
22 6822 0 0 0
22 7122 0 0 0
22 7722 0 0 0
22 9322 0 0 0
22 9522 0 0 0
22 9622 0 0 0
22 CSD BT22CSD001 0 0
22 CSD BT22CSD002 0 0
22 CSD BT22CSD003 0 0
22 CSD BT22CSD004 0 0
22 CSD BT22CSD005 0 0
22 CSD BT22CSD006 0 0
22 CSD BT22CSD007 0 0
22 CSD BT22CSD008 0 0
22 CSD BT22CSD009 0 0
22 CSD BT22CSD010 0 0
22 CSD BT22CSD011 0 0
22 CSD BT22CSD012 0 0
22 CSD BT22CSD013 0 0
22 CSD BT22CSD014 0 0
22 CSD BT22CSD015 0 0
22 CSD BT22CSD016 0 0
22 CSD BT22CSD017 0 0
22 CSD BT22CSD018 0 0
22 CSD BT22CSD019 0 0
22 CSD BT22CSD020 0 0
22 CSD BT22CSD021 0 0
22 CSD BT22CSD022 0 0
22 CSD BT22CSD023 0 0
22 CSD BT22CSD024 0 0
22 CSD BT22CSD025 0 0
22 CSD BT22CSD026 0 0
22 CSD BT22CSD027 0 0
22 CSD BT22CSD028 0 0
22 CSD BT22CSD029 0 0
22 CSD BT22CSD030 0 0
22 CSD BT22CSD031 0 0
22 CSD BT22CSD032 0 0
22 CSD BT22CSD033 0 0
22 CSD BT22CSD034 0 0
22 CSD BT22CSD035 0 0
22 CSD BT22CSD036 0 0
22 CSD BT22CSD037 0 0
22 CSD BT22CSD038 0 0
22 CSD BT22CSD039 0 0
22 CSD BT22CSD040 0 0
22 CSD BT22CSD041 0 0
22 CSD BT22CSD042 0 0
22 CSD BT22CSD043 0 0
22 CSD BT22CSD044 0 0
22 CSD BT22CSD045 0 0
22 CSD BT22CSD046 0 0
22 CSD BT22CSD047 0 0
22 CSD BT22CSD048 0 0
22 CSD BT22CSD049 0 0
22 CSD BT22CSD050 0 0
22 CSD BT22CSD051 0 0
22 CSD BT22CSD052 0 0
22 CSD BT22CSD053 0 0
22 CSD BT22CSD054 0 0
22 CSD BT22CSD055 0 0
22 CSD BT22CSD056 0 0
22 CSD BT22CSD057 0 0
22 CSD BT22CSD058 0 0
22 CSD BT22CSD059 0 0
22 CSD BT22CSD060 0 0
22 CSD BT22CSD061 0 0
22 CSD BT22CSD062 0 0
22 CSD BT22CSD063 0 0
22 CSD BT22CSD064 0 0
22 CSD BT22CSD065 0 0
22 CSD BT22CSD066 0 0
22 CSD BT22CSD067 0 0
22 CSD BT22CSD068 0 0
22 CSD BT22CSD069 0 0
22 CSD BT22CSD070 0 0
22 CSE BT22CSE001 1 1
22 CSE BT22CSE002 1 1
22 CSE BT22CSE003 1 1
22 CSE BT22CSE004 1 1
22 CSE BT22CSE005 0 1
22 CSE BT22CSE006 0 1
22 CSE BT22CSE007 1 1
22 CSE BT22CSE008 1 1
22 CSE BT22CSE009 0 1
22 CSE BT22CSE010 1 1
22 CSE BT22CSE011 1 1
22 CSE BT22CSE012 0 1
22 CSE BT22CSE013 0 1
22 CSE BT22CSE014 0 1
22 CSE BT22CSE015 1 1
22 CSE BT22CSE016 1 1
22 CSE BT22CSE017 1 1
22 CSE BT22CSE018 1 1
22 CSE BT22CSE019 0 1
22 CSE BT22CSE020 0 1
22 CSE BT22CSE021 1 1
22 CSE BT22CSE022 1 1
22 CSE BT22CSE023 1 1
22 CSE BT22CSE024 0 1
22 CSE BT22CSE025 1 1
22 CSE BT22CSE026 1 1
22 CSE BT22CSE027 1 1
22 CSE BT22CSE028 1 1
22 CSE BT22CSE029 1 1
22 CSE BT22CSE030 1 1
22 CSE BT22CSE031 1 1
22 CSE BT22CSE032 1 1
22 CSE BT22CSE033 0 1
22 CSE BT22CSE034 1 1
22 CSE BT22CSE035 1 1
22 CSE BT22CSE036 1 1
22 CSE BT22CSE037 1 1
22 CSE BT22CSE038 1 1
22 CSE BT22CSE039 1 1
22 CSE BT22CSE040 1 1
22 CSE BT22CSE041 1 1
22 CSE BT22CSE042 1 1
22 CSE BT22CSE043 1 1
22 CSE BT22CSE044 1 1
22 CSE BT22CSE045 1 1
22 CSE BT22CSE046 1 1
22 CSE BT22CSE047 1 1
22 CSE BT22CSE048 1 1
22 CSE BT22CSE049 1 1
22 CSE BT22CSE050 1 1
22 CSE BT22CSE051 1 1
22 CSE BT22CSE052 1 1
22 CSE BT22CSE053 1 1
22 CSE BT22CSE054 1 1
22 CSE BT22CSE055 1 1
22 CSE BT22CSE056 1 1
22 CSE BT22CSE057 1 1
22 CSE BT22CSE058 0 1
22 CSE BT22CSE059 1 1
22 CSE BT22CSE060 1 1
22 CSE BT22CSE061 1 1
22 CSE BT22CSE062 1 1
22 CSE BT22CSE063 1 1
22 CSE BT22CSE064 1 1
22 CSE BT22CSE065 1 1
22 CSE BT22CSE066 1 1
22 CSE BT22CSE067 1 1
22 CSE BT22CSE068 1 1
22 CSE BT22CSE069 1 1
22 CSE BT22CSE070 1 1
22 CSE BT22CSE071 1 1
22 CSE BT22CSE072 1 1
22 CSE BT22CSE073 1 1
22 CSE BT22CSE074 1 1
22 CSE BT22CSE075 1 1
22 CSE BT22CSE076 0 1
22 CSE BT22CSE077 1 1
22 CSE BT22CSE078 1 1
22 CSE BT22CSE079 1 1
22 CSE BT22CSE080 1 1
22 CSE BT22CSE081 1 1
22 CSE BT22CSE082 1 1
22 CSE BT22CSE083 1 1
22 CSE BT22CSE084 1 1
22 CSE BT22CSE085 1 1
22 CSE BT22CSE086 1 1
22 CSE BT22CSE087 0 1
22 CSE BT22CSE088 1 1
22 CSE BT22CSE089 1 1
22 CSE BT22CSE090 1 1
22 CSE BT22CSE091 1 1
22 CSE BT22CSE092 0 1
22 CSE BT22CSE093 1 1
22 CSE BT22CSE094 1 1
22 CSE BT22CSE095 1 1
22 CSE BT22CSE096 1 1
22 CSE BT22CSE097 1 1
22 CSE BT22CSE098 0 1
22 CSE BT22CSE099 1 1
22 CSE BT22CSE100 0 1
22 CSE BT22CSE101 1 1
22 CSE BT22CSE102 1 1
22 CSE BT22CSE103 1 1
22 CSE BT22CSE104 1 1
22 CSE BT22CSE105 1 1
22 CSE BT22CSE106 0 1
22 CSE BT22CSE107 1 1
22 CSE BT22CSE108 1 1
22 CSE BT22CSE109 1 1
22 CSE BT22CSE110 1 1
22 CSE BT22CSE111 0 1
22 CSE BT22CSE112 1 1
22 CSE BT22CSE113 1 1
22 CSE BT22CSE114 1 1
22 CSE BT22CSE115 1 1
22 CSE BT22CSE116 1 1
22 CSE BT22CSE117 1 1
22 CSE BT22CSE118 1 1
22 CSE BT22CSE119 1 1
22 CSE BT22CSE120 1 1
22 CSE BT22CSE121 0 1
22 CSE BT22CSE122 1 1
22 CSE BT22CSE123 1 1
22 CSE BT22CSE124 1 1
22 CSE BT22CSE125 1 1
22 CSE BT22CSE126 1 1
22 CSE BT22CSE127 1 1
22 CSE BT22CSE128 1 1
22 CSE BT22CSE129 1 1
22 CSE BT22CSE130 1 1
22 CSE BT22CSE131 1 1
22 CSE BT22CSE132 1 1
22 CSE BT22CSE133 1 1
22 CSE BT22CSE134 1 1
22 CSE BT22CSE135 1 1
22 CSE BT22CSE136 1 1
22 CSE BT22CSE137 0 1
22 CSE BT22CSE138 1 1
22 CSE BT22CSE139 1 1
22 CSE BT22CSE140 1 1
22 CSE BT22CSE141 1 1
22 CSE BT22CSE142 1 1
22 CSE BT22CSE143 1 1
22 CSE BT22CSE144 0 1
22 CSE BT22CSE145 1 1
22 CSE BT22CSE146 1 1
22 CSE BT22CSE147 1 1
22 CSE BT22CSE148 1 1
22 CSE BT22CSE149 1 1
22 CSE BT22CSE150 1 1
22 CSE BT22CSE151 1 1
22 CSE BT22CSE152 1 1
22 CSE BT22CSE153 1 1
22 CSE BT22CSE154 1 1
22 CSE BT22CSE155 1 1
22 CSE BT22CSE156 1 1
22 CSE BT22CSE157 1 1
22 CSE BT22CSE158 1 1
22 CSE BT22CSE159 1 1
22 CSE BT22CSE160 1 1
22 CSE BT22CSE161 1 1
22 CSE BT22CSE162 1 1
22 CSE BT22CSE163 1 1
22 CSE BT22CSE164 1 1
22 CSE BT22CSE165 1 1
22 CSE BT22CSE166 1 1
22 CSE BT22CSE167 1 1
22 CSE BT22CSE168 1 1
22 CSE BT22CSE169 1 1
22 CSE BT22CSE170 1 1
22 CSE BT22CSE171 1 1
22 CSE BT22CSE172 1 1
22 CSE BT22CSE173 1 1
22 CSE BT22CSE174 1 1
22 CSE BT22CSE175 1 1
22 CSE BT22CSE176 1 1
22 CSE BT22CSE177 1 1
22 CSE BT22CSE178 1 1
22 CSE BT22CSE179 1 1
22 CSE BT22CSE180 1 1
22 CSE BT22CSE181 1 1
22 CSE BT22CSE182 1 1
22 CSE BT22CSE183 1 1
22 CSE BT22CSE184 1 1
22 CSE BT22CSE185 1 1
22 CSE BT22CSE186 1 1
22 CSE BT22CSE187 0 1
22 CSE BT22CSE188 1 1
22 CSE BT22CSE189 1 1
22 CSE BT22CSE190 1 1
22 CSE BT22CSE191 1 1
22 CSE BT22CSE192 1 1
22 CSE BT22CSE193 1 1
22 CSE BT22CSE194 1 1
22 CSE BT22CSE195 1 1
22 CSE BT22CSE196 1 1
22 CSE BT22CSE197 1 1
22 CSE BT22CSE198 1 1
22 CSE BT22CSE199 1 1
22 CSE BT22CSE200 1 1
22 CSE BT22CSE201 1 1
22 CSE BT22CSE202 1 1
22 CSE BT22CSE203 1 1
22 CSE BT22CSE204 1 1
22 CSE BT22CSE205 1 1
22 CSE BT22CSE206 1 1
22 CSE BT22CSE207 1 1
22 CSE BT22CSE208 1 1
22 CSE BT22CSE209 1 1
22 CSE BT22CSE210 1 1
22 CSH BT22CSH001 1 1
22 CSH BT22CSH002 1 1
22 CSH BT22CSH003 1 1
22 CSH BT22CSH004 0 1
22 CSH BT22CSH005 1 1
22 CSH BT22CSH006 1 1
22 CSH BT22CSH007 1 1
22 CSH BT22CSH008 1 1
22 CSH BT22CSH009 0 1
22 CSH BT22CSH010 1 1
22 CSH BT22CSH011 0 1
22 CSH BT22CSH012 1 1
22 CSH BT22CSH013 1 1
22 CSH BT22CSH014 0 1
22 CSH BT22CSH015 1 1
22 CSH BT22CSH016 0 1
22 CSH BT22CSH017 1 1
22 CSH BT22CSH018 0 1
22 CSH BT22CSH019 1 1
22 CSH BT22CSH020 1 1
22 CSH BT22CSH021 1 1
22 CSH BT22CSH022 0 1
22 CSH BT22CSH023 1 1
22 CSH BT22CSH024 1 1
22 CSH BT22CSH025 0 1
22 CSH BT22CSH026 1 1
22 CSH BT22CSH027 0 1
22 CSH BT22CSH028 1 1
22 CSH BT22CSH029 1 1
22 CSH BT22CSH030 0 1
22 CSH BT22CSH031 0 1
22 CSH BT22CSH032 0 1
22 CSH BT22CSH033 0 1
22 CSH BT22CSH034 0 1
22 CSH BT22CSH035 0 1
22 CSH BT22CSH036 1 1
22 CSH BT22CSH037 1 1
22 CSH BT22CSH038 0 1
22 CSH BT22CSH039 1 1
22 CSH BT22CSH040 0 1
22 CSH BT22CSH041 1 1
22 CSH BT22CSH042 1 1
22 CSH BT22CSH043 1 1
22 CSH BT22CSH044 0 1
22 CSH BT22CSH045 1 1
22 CSH BT22CSH046 1 1
22 CSH BT22CSH047 0 1
22 CSH BT22CSH048 1 1
22 CSH BT22CSH049 0 1
22 CSH BT22CSH050 0 1
22 CSH BT22CSH051 1 1
22 CSH BT22CSH052 1 1
22 CSH BT22CSH053 1 1
22 CSH BT22CSH054 0 1
22 CSH BT22CSH055 1 1
22 CSH BT22CSH056 1 1
22 CSH BT22CSH057 0 1
22 CSH BT22CSH058 1 1
22 CSH BT22CSH059 0 1
22 CSH BT22CSH060 1 1
22 CSH BT22CSH061 1 1
22 CSH BT22CSH062 0 1
22 CSH BT22CSH063 1 1
22 CSH BT22CSH064 1 1
22 CSH BT22CSH065 1 1
22 CSH BT22CSH066 1 1
22 CSH BT22CSH067 1 1
22 CSH BT22CSH068 1 1
22 CSH BT22CSH069 0 1
22 CSH BT22CSH070 1 1
22 ECE BT22ECE001 0 0
22 ECE BT22ECE002 0 0
22 ECE BT22ECE003 0 0
22 ECE BT22ECE004 0 0
22 ECE BT22ECE005 0 0
22 ECE BT22ECE006 0 0
22 ECE BT22ECE007 0 0
22 ECE BT22ECE008 0 0
22 ECE BT22ECE009 0 0
22 ECE BT22ECE010 0 0
22 ECE BT22ECE011 0 0
22 ECE BT22ECE012 0 0
22 ECE BT22ECE013 0 0
22 ECE BT22ECE014 0 0
22 ECE BT22ECE015 0 0
22 ECE BT22ECE016 0 0
22 ECE BT22ECE017 0 0
22 ECE BT22ECE018 0 0
22 ECE BT22ECE019 0 0
22 ECE BT22ECE020 0 0
22 ECE BT22ECE021 0 0
22 ECE BT22ECE022 0 0
22 ECE BT22ECE023 0 0
22 ECE BT22ECE024 0 0
22 ECE BT22ECE025 0 0
22 ECE BT22ECE026 0 0
22 ECE BT22ECE027 0 0
22 ECE BT22ECE028 0 0
22 ECE BT22ECE029 0 0
22 ECE BT22ECE030 0 0
22 ECE BT22ECE031 0 0
22 ECE BT22ECE032 0 0
22 ECE BT22ECE033 0 0
22 ECE BT22ECE034 0 0
22 ECE BT22ECE035 0 0
22 ECE BT22ECE036 0 0
22 ECE BT22ECE037 0 0
22 ECE BT22ECE038 0 0
22 ECE BT22ECE039 0 0
22 ECE BT22ECE040 0 0
22 ECE BT22ECE041 0 0
22 ECE BT22ECE042 0 0
22 ECE BT22ECE043 0 0
22 ECE BT22ECE044 0 0
22 ECE BT22ECE045 0 0
22 ECE BT22ECE046 0 0
22 ECE BT22ECE047 0 0
22 ECE BT22ECE048 0 0
22 ECE BT22ECE049 0 0
22 ECE BT22ECE050 0 0
22 ECE BT22ECE051 0 0
22 ECE BT22ECE052 0 0
22 ECE BT22ECE053 0 0
22 ECE BT22ECE054 0 0
22 ECE BT22ECE055 0 0
22 ECE BT22ECE056 0 0
22 ECE BT22ECE057 0 0
22 ECE BT22ECE058 0 0
22 ECE BT22ECE059 0 0
22 ECE BT22ECE060 0 0
22 ECE BT22ECE061 0 0
22 ECE BT22ECE062 0 0
22 ECE BT22ECE063 0 0
22 ECE BT22ECE064 0 0
22 ECE BT22ECE065 0 0
22 ECE BT22ECE066 0 0
22 ECE BT22ECE067 0 0
22 ECE BT22ECE068 0 0
22 ECE BT22ECE069 0 0
22 ECE BT22ECE070 0 0
22 ECE BT22ECE071 0 0
22 ECE BT22ECE072 0 0
22 ECE BT22ECE073 0 0
22 ECE BT22ECE074 0 0
22 ECE BT22ECE075 0 0
22 ECE BT22ECE076 0 0
22 ECE BT22ECE077 0 0
22 ECE BT22ECE078 0 0
22 ECE BT22ECE079 0 0
22 ECE BT22ECE080 0 0
22 ECE BT22ECE081 0 0
22 ECE BT22ECE082 0 0
22 ECE BT22ECE083 0 0
22 ECE BT22ECE084 0 0
22 ECE BT22ECE085 0 0
22 ECE BT22ECE086 0 0
22 ECE BT22ECE087 0 0
22 ECE BT22ECE088 0 0
22 ECE BT22ECE089 0 0
22 ECE BT22ECE090 0 0
22 ECE BT22ECE091 0 0
22 ECE BT22ECE092 0 0
22 ECE BT22ECE093 0 0
22 ECE BT22ECE094 0 0
22 ECE BT22ECE095 0 0
22 ECE BT22ECE096 0 0
22 ECE BT22ECE097 0 0
22 ECE BT22ECE098 0 0
22 ECE BT22ECE099 0 0
22 ECE BT22ECE100 0 0
22 ECE BT22ECE101 0 0
22 ECE BT22ECE102 0 0
22 ECE BT22ECE103 0 0
22 ECE BT22ECE104 0 0
22 ECE BT22ECE105 0 0
22 ECE BT22ECE106 0 0
22 ECE BT22ECE107 0 0
22 ECE BT22ECE108 0 0
22 ECE BT22ECE109 0 0
22 ECE BT22ECE110 0 0
22 ECE BT22ECE111 0 0
22 ECE BT22ECE112 0 0
22 ECE BT22ECE113 0 0
22 ECE BT22ECE114 0 0
22 ECE BT22ECE115 0 0
22 ECE BT22ECE116 0 0
22 ECE BT22ECE117 0 0
22 ECE BT22ECE118 0 0
22 ECE BT22ECE119 0 0
22 ECE BT22ECE120 0 0
22 ECE BT22ECE121 0 0
22 ECE BT22ECE122 0 0
22 ECE BT22ECE123 0 0
22 ECE BT22ECE124 0 0
22 ECE BT22ECE125 0 0
22 ECE BT22ECE126 0 0
22 ECE BT22ECE127 0 0
22 ECE BT22ECE128 0 0
22 ECE BT22ECE129 0 0
22 ECE BT22ECE130 0 0
22 ECE BT22ECE131 0 0
22 ECE BT22ECE132 0 0
22 ECE BT22ECE133 0 0
22 ECE BT22ECE134 0 0
22 ECE BT22ECE135 0 0
22 ECE BT22ECE136 0 0
22 ECE BT22ECE137 0 0
22 ECE BT22ECE138 0 0
22 ECE BT22ECE139 0 0
22 ECE BT22ECE140 0 0
22 ECE BT22ECE141 0 0
22 ECE BT22ECE142 0 0
22 ECE BT22ECE143 0 0
22 ECE BT22ECE144 0 0
22 ECE BT22ECE145 0 0
22 ECE BT22ECE146 0 0
22 ECE BT22ECE147 0 0
22 ECE BT22ECE148 0 0
22 ECE BT22ECE149 0 0
22 ECE BT22ECE150 0 0
22 ECI BT22ECI001 0 0
22 ECI BT22ECI002 0 0
22 ECI BT22ECI003 0 0
22 ECI BT22ECI004 0 0
22 ECI BT22ECI005 0 0
22 ECI BT22ECI006 0 0
22 ECI BT22ECI007 0 0
22 ECI BT22ECI008 0 0
22 ECI BT22ECI009 0 0
22 ECI BT22ECI010 0 0
22 ECI BT22ECI011 0 0
22 ECI BT22ECI012 0 0
22 ECI BT22ECI013 0 0
22 ECI BT22ECI014 0 0
22 ECI BT22ECI015 0 0
22 ECI BT22ECI016 0 0
22 ECI BT22ECI017 0 0
22 ECI BT22ECI018 0 0
22 ECI BT22ECI019 0 0
22 ECI BT22ECI020 0 0
22 ECI BT22ECI021 0 0
22 ECI BT22ECI022 0 0
22 ECI BT22ECI023 0 0
22 ECI BT22ECI024 0 0
22 ECI BT22ECI025 0 0
22 ECI BT22ECI026 0 0
22 ECI BT22ECI027 0 0
22 ECI BT22ECI028 0 0
22 ECI BT22ECI029 0 0
22 ECI BT22ECI030 0 0
22 ECI BT22ECI031 0 0
22 ECI BT22ECI032 0 0
22 ECI BT22ECI033 0 0
22 ECI BT22ECI034 0 0
22 ECI BT22ECI035 0 0
22 ECI BT22ECI036 0 0
22 ECI BT22ECI037 0 0
22 ECI BT22ECI038 0 0
22 ECI BT22ECI039 0 0
22 ECI BT22ECI040 0 0
22 ECI BT22ECI041 0 0
22 ECI BT22ECI042 0 0
22 ECI BT22ECI043 0 0
22 ECI BT22ECI044 0 0
22 ECI BT22ECI045 0 0
22 ECI BT22ECI046 0 0
22 ECI BT22ECI047 0 0
22 ECI BT22ECI048 0 0
22 ECI BT22ECI049 0 0
22 ECI BT22ECI050 0 0
22 ECI BT22ECI051 0 0
22 ECI BT22ECI052 0 0
22 ECI BT22ECI053 0 0
22 ECI BT22ECI054 0 0
22 ECI BT22ECI055 0 0
22 ECI BT22ECI056 0 0
22 ECI BT22ECI057 0 0
22 ECI BT22ECI058 0 0
22 ECI BT22ECI059 0 0
22 ECI BT22ECI060 0 0
22 ECI BT22ECI061 0 0
22 ECI BT22ECI062 0 0
22 ECI BT22ECI063 0 0
22 ECI BT22ECI064 0 0
22 ECI BT22ECI065 0 0
22 ECI BT22ECI066 0 0
22 ECI BT22ECI067 0 0
22 ECI BT22ECI068 0 0
22 ECI BT22ECI069 0 0
22 ECI BT22ECI070 0 0
23  1223 0 0
23  1723 0 0
23  2123 0 0
23  2823 0 0
23  4623 0 0
23  4923 0 0
23  5123 0 0
23  5323 0 0
23  5923 0 0
23  6023 0 0
23  6523 0 0
23  7623 0 0
23  8923 0 0
23  9223 0 0
23  9623 0 0
23  9723 0 0
23  9923 0 0
23 1223 0 0 0
23 1723 0 0 0
23 2123 0 0 0
23 2823 0 0 0
23 4623 0 0 0
23 4923 0 0 0
23 5123 0 0 0
23 5323 0 0 0
23 5923 0 0 0
23 6023 0 0 0
23 6523 0 0 0
23 7623 0 0 0
23 8923 0 0 0
23 9223 0 0 0
23 9623 0 0 0
23 9723 0 0 0
23 9923 0 0 0
23 CSD BT23CSD001 0 0
23 CSD BT23CSD002 0 0
23 CSD BT23CSD003 0 0
23 CSD BT23CSD004 0 0
23 CSD BT23CSD005 0 0
23 CSD BT23CSD006 0 0
23 CSD BT23CSD007 0 0
23 CSD BT23CSD008 0 0
23 CSD BT23CSD009 0 0
23 CSD BT23CSD010 0 0
23 CSD BT23CSD011 0 0
23 CSD BT23CSD012 0 0
23 CSD BT23CSD013 0 0
23 CSD BT23CSD014 0 0
23 CSD BT23CSD015 0 0
23 CSD BT23CSD016 0 0
23 CSD BT23CSD017 0 0
23 CSD BT23CSD018 0 0
23 CSD BT23CSD019 0 0
23 CSD BT23CSD020 0 0
23 CSD BT23CSD021 0 0
23 CSD BT23CSD022 0 0
23 CSD BT23CSD023 0 0
23 CSD BT23CSD024 0 0
23 CSD BT23CSD025 0 0
23 CSD BT23CSD026 0 0
23 CSD BT23CSD027 0 0
23 CSD BT23CSD028 0 0
23 CSD BT23CSD029 0 0
23 CSD BT23CSD030 0 0
23 CSD BT23CSD031 0 0
23 CSD BT23CSD032 0 0
23 CSD BT23CSD033 0 0
23 CSD BT23CSD034 0 0
23 CSD BT23CSD035 0 0
23 CSD BT23CSD036 0 0
23 CSD BT23CSD037 0 0
23 CSD BT23CSD038 0 0
23 CSD BT23CSD039 0 0
23 CSD BT23CSD040 0 0
23 CSD BT23CSD041 0 0
23 CSD BT23CSD042 0 0
23 CSD BT23CSD043 0 0
23 CSD BT23CSD044 0 0
23 CSD BT23CSD045 0 0
23 CSD BT23CSD046 0 0
23 CSD BT23CSD047 0 0
23 CSD BT23CSD048 0 0
23 CSD BT23CSD049 0 0
23 CSD BT23CSD050 0 0
23 CSD BT23CSD051 0 0
23 CSD BT23CSD052 0 0
23 CSD BT23CSD053 0 0
23 CSD BT23CSD054 0 0
23 CSD BT23CSD055 0 0
23 CSD BT23CSD056 0 0
23 CSD BT23CSD057 0 0
23 CSD BT23CSD058 0 0
23 CSD BT23CSD059 0 0
23 CSD BT23CSD060 0 0
23 CSD BT23CSD061 0 0
23 CSD BT23CSD062 0 0
23 CSD BT23CSD063 0 0
23 CSD BT23CSD064 0 0
23 CSD BT23CSD065 0 0
23 CSD BT23CSD066 0 0
23 CSD BT23CSD067 0 0
23 CSD BT23CSD068 0 0
23 CSD BT23CSD069 0 0
23 CSD BT23CSD070 0 0
23 CSE BT23CSE001 0 0
23 CSE BT23CSE002 0 0
23 CSE BT23CSE003 0 0
23 CSE BT23CSE004 0 0
23 CSE BT23CSE005 0 0
23 CSE BT23CSE006 0 0
23 CSE BT23CSE007 0 0
23 CSE BT23CSE008 0 0
23 CSE BT23CSE009 0 0
23 CSE BT23CSE010 0 0
23 CSE BT23CSE011 0 0
23 CSE BT23CSE012 0 0
23 CSE BT23CSE013 0 0
23 CSE BT23CSE014 0 0
23 CSE BT23CSE015 0 0
23 CSE BT23CSE016 0 0
23 CSE BT23CSE017 0 0
23 CSE BT23CSE018 0 0
23 CSE BT23CSE019 0 0
23 CSE BT23CSE020 0 0
23 CSE BT23CSE021 0 0
23 CSE BT23CSE022 0 0
23 CSE BT23CSE023 0 0
23 CSE BT23CSE024 0 0
23 CSE BT23CSE025 0 0
23 CSE BT23CSE026 0 0
23 CSE BT23CSE027 0 0
23 CSE BT23CSE028 0 0
23 CSE BT23CSE029 0 0
23 CSE BT23CSE030 0 0
23 CSE BT23CSE031 0 0
23 CSE BT23CSE032 0 0
23 CSE BT23CSE033 0 0
23 CSE BT23CSE034 0 0
23 CSE BT23CSE035 0 0
23 CSE BT23CSE036 0 0
23 CSE BT23CSE037 0 0
23 CSE BT23CSE038 0 0
23 CSE BT23CSE039 0 0
23 CSE BT23CSE040 0 0
23 CSE BT23CSE041 0 0
23 CSE BT23CSE042 0 0
23 CSE BT23CSE043 0 0
23 CSE BT23CSE044 0 0
23 CSE BT23CSE045 0 0
23 CSE BT23CSE046 0 0
23 CSE BT23CSE047 0 0
23 CSE BT23CSE048 0 0
23 CSE BT23CSE049 0 0
23 CSE BT23CSE050 0 0
23 CSE BT23CSE051 0 0
23 CSE BT23CSE052 0 0
23 CSE BT23CSE053 0 0
23 CSE BT23CSE054 0 0
23 CSE BT23CSE055 0 0
23 CSE BT23CSE056 0 0
23 CSE BT23CSE057 0 0
23 CSE BT23CSE058 0 0
23 CSE BT23CSE059 0 0
23 CSE BT23CSE060 0 0
23 CSE BT23CSE061 0 0
23 CSE BT23CSE062 0 0
23 CSE BT23CSE063 0 0
23 CSE BT23CSE064 0 0
23 CSE BT23CSE065 0 0
23 CSE BT23CSE066 0 0
23 CSE BT23CSE067 0 0
23 CSE BT23CSE068 0 0
23 CSE BT23CSE069 0 0
23 CSE BT23CSE070 0 0
23 CSE BT23CSE071 0 0
23 CSE BT23CSE072 0 0
23 CSE BT23CSE073 0 0
23 CSE BT23CSE074 0 0
23 CSE BT23CSE075 0 0
23 CSE BT23CSE076 0 0
23 CSE BT23CSE077 0 0
23 CSE BT23CSE078 0 0
23 CSE BT23CSE079 0 0
23 CSE BT23CSE080 0 0
23 CSE BT23CSE081 0 0
23 CSE BT23CSE082 0 0
23 CSE BT23CSE083 0 0
23 CSE BT23CSE084 0 0
23 CSE BT23CSE085 0 0
23 CSE BT23CSE086 0 0
23 CSE BT23CSE087 0 0
23 CSE BT23CSE088 0 0
23 CSE BT23CSE089 0 0
23 CSE BT23CSE090 0 0
23 CSE BT23CSE091 0 0
23 CSE BT23CSE092 0 0
23 CSE BT23CSE093 0 0
23 CSE BT23CSE094 0 0
23 CSE BT23CSE095 0 0
23 CSE BT23CSE096 0 0
23 CSE BT23CSE097 0 0
23 CSE BT23CSE098 0 0
23 CSE BT23CSE099 0 0
23 CSE BT23CSE100 0 0
23 CSE BT23CSE101 0 0
23 CSE BT23CSE102 0 0
23 CSE BT23CSE103 0 0
23 CSE BT23CSE104 0 0
23 CSE BT23CSE105 0 0
23 CSE BT23CSE106 0 0
23 CSE BT23CSE107 0 0
23 CSE BT23CSE108 0 0
23 CSE BT23CSE109 0 0
23 CSE BT23CSE110 0 0
23 CSE BT23CSE111 0 0
23 CSE BT23CSE112 0 0
23 CSE BT23CSE113 0 0
23 CSE BT23CSE114 0 0
23 CSE BT23CSE115 0 0
23 CSE BT23CSE116 0 0
23 CSE BT23CSE117 0 0
23 CSE BT23CSE118 0 0
23 CSE BT23CSE119 0 0
23 CSE BT23CSE120 0 0
23 CSE BT23CSE121 0 0
23 CSE BT23CSE122 0 0
23 CSE BT23CSE123 0 0
23 CSE BT23CSE124 0 0
23 CSE BT23CSE125 0 0
23 CSE BT23CSE126 0 0
23 CSE BT23CSE127 0 0
23 CSE BT23CSE128 0 0
23 CSE BT23CSE129 0 0
23 CSE BT23CSE130 0 0
23 CSE BT23CSE131 0 0
23 CSE BT23CSE132 0 0
23 CSE BT23CSE133 0 0
23 CSE BT23CSE134 0 0
23 CSE BT23CSE135 0 0
23 CSE BT23CSE136 0 0
23 CSE BT23CSE137 0 0
23 CSE BT23CSE138 0 0
23 CSE BT23CSE139 0 0
23 CSE BT23CSE140 0 0
23 CSE BT23CSE141 0 0
23 CSE BT23CSE142 0 0
23 CSE BT23CSE143 0 0
23 CSE BT23CSE144 0 0
23 CSE BT23CSE145 0 0
23 CSE BT23CSE146 0 0
23 CSE BT23CSE147 0 0
23 CSE BT23CSE148 0 0
23 CSE BT23CSE149 0 0
23 CSE BT23CSE150 0 0
23 CSE BT23CSE151 0 0
23 CSE BT23CSE152 0 0
23 CSE BT23CSE153 0 0
23 CSE BT23CSE154 0 0
23 CSE BT23CSE155 0 0
23 CSE BT23CSE156 0 0
23 CSE BT23CSE157 0 0
23 CSE BT23CSE158 0 0
23 CSE BT23CSE159 0 0
23 CSE BT23CSE160 0 0
23 CSE BT23CSE161 0 0
23 CSE BT23CSE162 0 0
23 CSE BT23CSE163 0 0
23 CSE BT23CSE164 0 0
23 CSE BT23CSE165 0 0
23 CSE BT23CSE166 0 0
23 CSE BT23CSE167 0 0
23 CSE BT23CSE168 0 0
23 CSE BT23CSE169 0 0
23 CSE BT23CSE170 0 0
23 CSE BT23CSE171 0 0
23 CSE BT23CSE172 0 0
23 CSE BT23CSE173 0 0
23 CSE BT23CSE174 0 0
23 CSE BT23CSE175 0 0
23 CSE BT23CSE176 0 0
23 CSE BT23CSE177 0 0
23 CSE BT23CSE178 0 0
23 CSE BT23CSE179 0 0
23 CSE BT23CSE180 0 0
23 CSE BT23CSE181 0 0
23 CSE BT23CSE182 0 0
23 CSE BT23CSE183 0 0
23 CSE BT23CSE184 0 0
23 CSE BT23CSE185 0 0
23 CSE BT23CSE186 0 0
23 CSE BT23CSE187 0 0
23 CSE BT23CSE188 0 0
23 CSE BT23CSE189 0 0
23 CSE BT23CSE190 0 0
23 CSE BT23CSE191 0 0
23 CSE BT23CSE192 0 0
23 CSE BT23CSE193 0 0
23 CSE BT23CSE194 0 0
23 CSE BT23CSE195 0 0
23 CSE BT23CSE196 0 0
23 CSE BT23CSE197 0 0
23 CSE BT23CSE198 0 0
23 CSE BT23CSE199 0 0
23 CSE BT23CSE200 0 0
23 CSE BT23CSE201 0 0
23 CSE BT23CSE202 0 0
23 CSE BT23CSE203 0 0
23 CSE BT23CSE204 0 0
23 CSE BT23CSE205 0 0
23 CSE BT23CSE206 0 0
23 CSE BT23CSE207 0 0
23 CSE BT23CSE208 0 0
23 CSE BT23CSE209 0 0
23 CSE BT23CSE210 0 0
23 CSH BT23CSH001 1 1
23 CSH BT23CSH002 0 1
23 CSH BT23CSH003 1 1
23 CSH BT23CSH004 1 1
23 CSH BT23CSH005 1 1
23 CSH BT23CSH006 0 1
23 CSH BT23CSH007 0 1
23 CSH BT23CSH008 1 1
23 CSH BT23CSH009 1 1
23 CSH BT23CSH010 1 1
23 CSH BT23CSH011 1 1
23 CSH BT23CSH012 1 1
23 CSH BT23CSH013 1 1
23 CSH BT23CSH014 1 1
23 CSH BT23CSH015 1 1
23 CSH BT23CSH016 0 1
23 CSH BT23CSH017 0 1
23 CSH BT23CSH018 0 1
23 CSH BT23CSH019 0 1
23 CSH BT23CSH020 0 1
23 CSH BT23CSH021 0 1
23 CSH BT23CSH022 0 1
23 CSH BT23CSH023 0 1
23 CSH BT23CSH024 0 1
23 CSH BT23CSH025 0 1
23 CSH BT23CSH026 1 1
23 CSH BT23CSH027 1 1
23 CSH BT23CSH028 1 1
23 CSH BT23CSH029 1 1
23 CSH BT23CSH030 1 1
23 CSH BT23CSH031 1 1
23 CSH BT23CSH032 0 1
23 CSH BT23CSH033 0 1
23 CSH BT23CSH034 0 1
23 CSH BT23CSH035 0 1
23 CSH BT23CSH036 0 1
23 CSH BT23CSH037 1 1
23 CSH BT23CSH038 1 1
23 CSH BT23CSH039 1 1
23 CSH BT23CSH040 1 1
23 CSH BT23CSH041 1 1
23 CSH BT23CSH042 0 1
23 CSH BT23CSH043 0 1
23 CSH BT23CSH044 0 1
23 CSH BT23CSH045 0 1
23 CSH BT23CSH046 1 1
23 CSH BT23CSH047 1 1
23 CSH BT23CSH048 1 1
23 CSH BT23CSH049 1 1
23 CSH BT23CSH050 0 1
23 CSH BT23CSH051 0 1
23 CSH BT23CSH052 1 1
23 CSH BT23CSH053 1 1
23 CSH BT23CSH054 1 1
23 CSH BT23CSH055 1 1
23 CSH BT23CSH056 1 1
23 CSH BT23CSH057 0 1
23 CSH BT23CSH058 0 1
23 CSH BT23CSH059 0 1
23 CSH BT23CSH060 0 1
23 CSH BT23CSH061 0 1
23 CSH BT23CSH062 0 1
23 CSH BT23CSH063 0 1
23 CSH BT23CSH064 0 1
23 CSH BT23CSH065 0 1
23 CSH BT23CSH066 0 1
23 CSH BT23CSH067 0 1
23 CSH BT23CSH068 1 1
23 CSH BT23CSH069 0 1
23 CSH BT23CSH070 1 1
23 ECE BT23ECE001 0 0
23 ECE BT23ECE002 0 0
23 ECE BT23ECE003 0 0
23 ECE BT23ECE004 0 0
23 ECE BT23ECE005 0 0
23 ECE BT23ECE006 0 0
23 ECE BT23ECE007 0 0
23 ECE BT23ECE008 0 0
23 ECE BT23ECE009 0 0
23 ECE BT23ECE010 0 0
23 ECE BT23ECE011 0 0
23 ECE BT23ECE012 0 0
23 ECE BT23ECE013 0 0
23 ECE BT23ECE014 0 0
23 ECE BT23ECE015 0 0
23 ECE BT23ECE016 0 0
23 ECE BT23ECE017 0 0
23 ECE BT23ECE018 0 0
23 ECE BT23ECE019 0 0
23 ECE BT23ECE020 0 0
23 ECE BT23ECE021 0 0
23 ECE BT23ECE022 0 0
23 ECE BT23ECE023 0 0
23 ECE BT23ECE024 0 0
23 ECE BT23ECE025 0 0
23 ECE BT23ECE026 0 0
23 ECE BT23ECE027 0 0
23 ECE BT23ECE028 0 0
23 ECE BT23ECE029 0 0
23 ECE BT23ECE030 0 0
23 ECE BT23ECE031 0 0
23 ECE BT23ECE032 0 0
23 ECE BT23ECE033 0 0
23 ECE BT23ECE034 0 0
23 ECE BT23ECE035 0 0
23 ECE BT23ECE036 0 0
23 ECE BT23ECE037 0 0
23 ECE BT23ECE038 0 0
23 ECE BT23ECE039 0 0
23 ECE BT23ECE040 0 0
23 ECE BT23ECE041 0 0
23 ECE BT23ECE042 0 0
23 ECE BT23ECE043 0 0
23 ECE BT23ECE044 0 0
23 ECE BT23ECE045 0 0
23 ECE BT23ECE046 0 0
23 ECE BT23ECE047 0 0
23 ECE BT23ECE048 0 0
23 ECE BT23ECE049 0 0
23 ECE BT23ECE050 0 0
23 ECE BT23ECE051 0 0
23 ECE BT23ECE052 0 0
23 ECE BT23ECE053 0 0
23 ECE BT23ECE054 0 0
23 ECE BT23ECE055 0 0
23 ECE BT23ECE056 0 0
23 ECE BT23ECE057 0 0
23 ECE BT23ECE058 0 0
23 ECE BT23ECE059 0 0
23 ECE BT23ECE060 0 0
23 ECE BT23ECE061 0 0
23 ECE BT23ECE062 0 0
23 ECE BT23ECE063 0 0
23 ECE BT23ECE064 0 0
23 ECE BT23ECE065 0 0
23 ECE BT23ECE066 0 0
23 ECE BT23ECE067 0 0
23 ECE BT23ECE068 0 0
23 ECE BT23ECE069 0 0
23 ECE BT23ECE070 0 0
23 ECE BT23ECE071 0 0
23 ECE BT23ECE072 0 0
23 ECE BT23ECE073 0 0
23 ECE BT23ECE074 0 0
23 ECE BT23ECE075 0 0
23 ECE BT23ECE076 0 0
23 ECE BT23ECE077 0 0
23 ECE BT23ECE078 0 0
23 ECE BT23ECE079 0 0
23 ECE BT23ECE080 0 0
23 ECE BT23ECE081 0 0
23 ECE BT23ECE082 0 0
23 ECE BT23ECE083 0 0
23 ECE BT23ECE084 0 0
23 ECE BT23ECE085 0 0
23 ECE BT23ECE086 0 0
23 ECE BT23ECE087 0 0
23 ECE BT23ECE088 0 0
23 ECE BT23ECE089 0 0
23 ECE BT23ECE090 0 0
23 ECE BT23ECE091 0 0
23 ECE BT23ECE092 0 0
23 ECE BT23ECE093 0 0
23 ECE BT23ECE094 0 0
23 ECE BT23ECE095 0 0
23 ECE BT23ECE096 0 0
23 ECE BT23ECE097 0 0
23 ECE BT23ECE098 0 0
23 ECE BT23ECE099 0 0
23 ECE BT23ECE100 0 0
23 ECE BT23ECE101 0 0
23 ECE BT23ECE102 0 0
23 ECE BT23ECE103 0 0
23 ECE BT23ECE104 0 0
23 ECE BT23ECE105 0 0
23 ECE BT23ECE106 0 0
23 ECE BT23ECE107 0 0
23 ECE BT23ECE108 0 0
23 ECE BT23ECE109 0 0
23 ECE BT23ECE110 0 0
23 ECE BT23ECE111 0 0
23 ECE BT23ECE112 0 0
23 ECE BT23ECE113 0 0
23 ECE BT23ECE114 0 0
23 ECE BT23ECE115 0 0
23 ECE BT23ECE116 0 0
23 ECE BT23ECE117 0 0
23 ECE BT23ECE118 0 0
23 ECE BT23ECE119 0 0
23 ECE BT23ECE120 0 0
23 ECE BT23ECE121 0 0
23 ECE BT23ECE122 0 0
23 ECE BT23ECE123 0 0
23 ECE BT23ECE124 0 0
23 ECE BT23ECE125 0 0
23 ECE BT23ECE126 0 0
23 ECE BT23ECE127 0 0
23 ECE BT23ECE128 0 0
23 ECE BT23ECE129 0 0
23 ECE BT23ECE130 0 0
23 ECE BT23ECE131 0 0
23 ECE BT23ECE132 0 0
23 ECE BT23ECE133 0 0
23 ECE BT23ECE134 0 0
23 ECE BT23ECE135 0 0
23 ECE BT23ECE136 0 0
23 ECE BT23ECE137 0 0
23 ECE BT23ECE138 0 0
23 ECE BT23ECE139 0 0
23 ECE BT23ECE140 0 0
23 ECE BT23ECE141 0 0
23 ECE BT23ECE142 0 0
23 ECE BT23ECE143 0 0
23 ECE BT23ECE144 0 0
23 ECE BT23ECE145 0 0
23 ECE BT23ECE146 0 0
23 ECE BT23ECE147 0 0
23 ECE BT23ECE148 0 0
23 ECE BT23ECE149 0 0
23 ECE BT23ECE150 0 0
23 ECI BT23ECI001 0 0
23 ECI BT23ECI002 0 0
23 ECI BT23ECI003 0 0
23 ECI BT23ECI004 0 0
23 ECI BT23ECI005 0 0
23 ECI BT23ECI006 0 0
23 ECI BT23ECI007 0 0
23 ECI BT23ECI008 0 0
23 ECI BT23ECI009 0 0
23 ECI BT23ECI010 0 0
23 ECI BT23ECI011 0 0
23 ECI BT23ECI012 0 0
23 ECI BT23ECI013 0 0
23 ECI BT23ECI014 0 0
23 ECI BT23ECI015 0 0
23 ECI BT23ECI016 0 0
23 ECI BT23ECI017 0 0
23 ECI BT23ECI018 0 0
23 ECI BT23ECI019 0 0
23 ECI BT23ECI020 0 0
23 ECI BT23ECI021 0 0
23 ECI BT23ECI022 0 0
23 ECI BT23ECI023 0 0
23 ECI BT23ECI024 0 0
23 ECI BT23ECI025 0 0
23 ECI BT23ECI026 0 0
23 ECI BT23ECI027 0 0
23 ECI BT23ECI028 0 0
23 ECI BT23ECI029 0 0
23 ECI BT23ECI030 0 0
23 ECI BT23ECI031 0 0
23 ECI BT23ECI032 0 0
23 ECI BT23ECI033 0 0
23 ECI BT23ECI034 0 0
23 ECI BT23ECI035 0 0
23 ECI BT23ECI036 0 0
23 ECI BT23ECI037 0 0
23 ECI BT23ECI038 0 0
23 ECI BT23ECI039 0 0
23 ECI BT23ECI040 0 0
23 ECI BT23ECI041 0 0
23 ECI BT23ECI042 0 0
23 ECI BT23ECI043 0 0
23 ECI BT23ECI044 0 0
23 ECI BT23ECI045 0 0
23 ECI BT23ECI046 0 0
23 ECI BT23ECI047 0 0
23 ECI BT23ECI048 0 0
23 ECI BT23ECI049 0 0
23 ECI BT23ECI050 0 0
23 ECI BT23ECI051 0 0
23 ECI BT23ECI052 0 0
23 ECI BT23ECI053 0 0
23 ECI BT23ECI054 0 0
23 ECI BT23ECI055 0 0
23 ECI BT23ECI056 0 0
23 ECI BT23ECI057 0 0
23 ECI BT23ECI058 0 0
23 ECI BT23ECI059 0 0
23 ECI BT23ECI060 0 0
23 ECI BT23ECI061 0 0
23 ECI BT23ECI062 0 0
23 ECI BT23ECI063 0 0
23 ECI BT23ECI064 0 0
23 ECI BT23ECI065 0 0
23 ECI BT23ECI066 0 0
23 ECI BT23ECI067 0 0
23 ECI BT23ECI068 0 0
23 ECI BT23ECI069 0 0
23 ECI BT23ECI070 0 0
24  1624 0 0
24  1824 0 0
24  2124 0 0
24  2424 0 0
24  2824 0 0
24  3124 0 0
24  3324 0 0
24  3424 0 0
24  3524 0 0
24  3924 0 0
24  4124 0 0
24  4424 0 0
24  4624 0 0
24  4824 0 0
24  4924 0 0
24  5024 0 0
24  5124 0 0
24  5724 0 0
24  6324 0 0
24  6424 0 0
24  6924 0 0
24  7324 0 0
24  7724 0 0
24  7924 0 0
24  9124 0 0
24  9624 0 0
24  9924 0 0
24 1624 0 0 0
24 1824 0 0 0
24 2124 0 0 0
24 2424 0 0 0
24 2824 0 0 0
24 3124 0 0 0
24 3324 0 0 0
24 3424 0 0 0
24 3524 0 0 0
24 3924 0 0 0
24 4124 0 0 0
24 4424 0 0 0
24 4624 0 0 0
24 4824 0 0 0
24 4924 0 0 0
24 5024 0 0 0
24 5124 0 0 0
24 5724 0 0 0
24 6324 0 0 0
24 6424 0 0 0
24 6924 0 0 0
24 7324 0 0 0
24 7724 0 0 0
24 7924 0 0 0
24 9124 0 0 0
24 9624 0 0 0
24 9924 0 0 0
24 CSD BT24CSD001 0 0
24 CSD BT24CSD002 0 0
24 CSD BT24CSD003 0 0
24 CSD BT24CSD004 0 0
24 CSD BT24CSD005 0 0
24 CSD BT24CSD006 0 0
24 CSD BT24CSD007 0 0
24 CSD BT24CSD008 0 0
24 CSD BT24CSD009 0 0
24 CSD BT24CSD010 0 0
24 CSD BT24CSD011 0 0
24 CSD BT24CSD012 0 0
24 CSD BT24CSD013 0 0
24 CSD BT24CSD014 0 0
24 CSD BT24CSD015 0 0
24 CSD BT24CSD016 0 0
24 CSD BT24CSD017 0 0
24 CSD BT24CSD018 0 0
24 CSD BT24CSD019 0 0
24 CSD BT24CSD020 0 0
24 CSD BT24CSD021 0 0
24 CSD BT24CSD022 0 0
24 CSD BT24CSD023 0 0
24 CSD BT24CSD024 0 0
24 CSD BT24CSD025 0 0
24 CSD BT24CSD026 0 0
24 CSD BT24CSD027 0 0
24 CSD BT24CSD028 0 0
24 CSD BT24CSD029 0 0
24 CSD BT24CSD030 0 0
24 CSD BT24CSD031 0 0
24 CSD BT24CSD032 0 0
24 CSD BT24CSD033 0 0
24 CSD BT24CSD034 0 0
24 CSD BT24CSD035 0 0
24 CSD BT24CSD036 0 0
24 CSD BT24CSD037 0 0
24 CSD BT24CSD038 0 0
24 CSD BT24CSD039 0 0
24 CSD BT24CSD040 0 0
24 CSD BT24CSD041 0 0
24 CSD BT24CSD042 0 0
24 CSD BT24CSD043 0 0
24 CSD BT24CSD044 0 0
24 CSD BT24CSD045 0 0
24 CSD BT24CSD046 0 0
24 CSD BT24CSD047 0 0
24 CSD BT24CSD048 0 0
24 CSD BT24CSD049 0 0
24 CSD BT24CSD050 0 0
24 CSD BT24CSD051 0 0
24 CSD BT24CSD052 0 0
24 CSD BT24CSD053 0 0
24 CSD BT24CSD054 0 0
24 CSD BT24CSD055 0 0
24 CSD BT24CSD056 0 0
24 CSD BT24CSD057 0 0
24 CSD BT24CSD058 0 0
24 CSD BT24CSD059 0 0
24 CSD BT24CSD060 0 0
24 CSD BT24CSD061 0 0
24 CSD BT24CSD062 0 0
24 CSD BT24CSD063 0 0
24 CSD BT24CSD064 0 0
24 CSD BT24CSD065 0 0
24 CSD BT24CSD066 0 0
24 CSD BT24CSD067 0 0
24 CSD BT24CSD068 0 0
24 CSD BT24CSD069 0 0
24 CSD BT24CSD070 0 0
24 CSE BT24CSE001 0 0
24 CSE BT24CSE002 0 0
24 CSE BT24CSE003 0 0
24 CSE BT24CSE004 0 0
24 CSE BT24CSE005 0 0
24 CSE BT24CSE006 0 0
24 CSE BT24CSE007 0 0
24 CSE BT24CSE008 0 0
24 CSE BT24CSE009 0 0
24 CSE BT24CSE010 0 0
24 CSE BT24CSE011 0 0
24 CSE BT24CSE012 0 0
24 CSE BT24CSE013 0 0
24 CSE BT24CSE014 0 0
24 CSE BT24CSE015 0 0
24 CSE BT24CSE016 0 0
24 CSE BT24CSE017 0 0
24 CSE BT24CSE018 0 0
24 CSE BT24CSE019 0 0
24 CSE BT24CSE020 0 0
24 CSE BT24CSE021 0 0
24 CSE BT24CSE022 0 0
24 CSE BT24CSE023 0 0
24 CSE BT24CSE024 0 0
24 CSE BT24CSE025 0 0
24 CSE BT24CSE026 0 0
24 CSE BT24CSE027 0 0
24 CSE BT24CSE028 0 0
24 CSE BT24CSE029 0 0
24 CSE BT24CSE030 0 0
24 CSE BT24CSE031 0 0
24 CSE BT24CSE032 0 0
24 CSE BT24CSE033 0 0
24 CSE BT24CSE034 0 0
24 CSE BT24CSE035 0 0
24 CSE BT24CSE036 0 0
24 CSE BT24CSE037 0 0
24 CSE BT24CSE038 0 0
24 CSE BT24CSE039 0 0
24 CSE BT24CSE040 0 0
24 CSE BT24CSE041 0 0
24 CSE BT24CSE042 0 0
24 CSE BT24CSE043 0 0
24 CSE BT24CSE044 0 0
24 CSE BT24CSE045 0 0
24 CSE BT24CSE046 0 0
24 CSE BT24CSE047 0 0
24 CSE BT24CSE048 0 0
24 CSE BT24CSE049 0 0
24 CSE BT24CSE050 0 0
24 CSE BT24CSE051 0 0
24 CSE BT24CSE052 0 0
24 CSE BT24CSE053 0 0
24 CSE BT24CSE054 0 0
24 CSE BT24CSE055 0 0
24 CSE BT24CSE056 0 0
24 CSE BT24CSE057 0 0
24 CSE BT24CSE058 0 0
24 CSE BT24CSE059 0 0
24 CSE BT24CSE060 0 0
24 CSE BT24CSE061 0 0
24 CSE BT24CSE062 0 0
24 CSE BT24CSE063 0 0
24 CSE BT24CSE064 0 0
24 CSE BT24CSE065 0 0
24 CSE BT24CSE066 0 0
24 CSE BT24CSE067 0 0
24 CSE BT24CSE068 0 0
24 CSE BT24CSE069 0 0
24 CSE BT24CSE070 0 0
24 CSE BT24CSE071 0 0
24 CSE BT24CSE072 0 0
24 CSE BT24CSE073 0 0
24 CSE BT24CSE074 0 0
24 CSE BT24CSE075 0 0
24 CSE BT24CSE076 0 0
24 CSE BT24CSE077 0 0
24 CSE BT24CSE078 0 0
24 CSE BT24CSE079 0 0
24 CSE BT24CSE080 0 0
24 CSE BT24CSE081 0 0
24 CSE BT24CSE082 0 0
24 CSE BT24CSE083 0 0
24 CSE BT24CSE084 0 0
24 CSE BT24CSE085 0 0
24 CSE BT24CSE086 0 0
24 CSE BT24CSE087 0 0
24 CSE BT24CSE088 0 0
24 CSE BT24CSE089 0 0
24 CSE BT24CSE090 0 0
24 CSE BT24CSE091 0 0
24 CSE BT24CSE092 0 0
24 CSE BT24CSE093 0 0
24 CSE BT24CSE094 0 0
24 CSE BT24CSE095 0 0
24 CSE BT24CSE096 0 0
24 CSE BT24CSE097 0 0
24 CSE BT24CSE098 0 0
24 CSE BT24CSE099 0 0
24 CSE BT24CSE100 0 0
24 CSE BT24CSE101 0 0
24 CSE BT24CSE102 0 0
24 CSE BT24CSE103 0 0
24 CSE BT24CSE104 0 0
24 CSE BT24CSE105 0 0
24 CSE BT24CSE106 0 0
24 CSE BT24CSE107 0 0
24 CSE BT24CSE108 0 0
24 CSE BT24CSE109 0 0
24 CSE BT24CSE110 0 0
24 CSE BT24CSE111 0 0
24 CSE BT24CSE112 0 0
24 CSE BT24CSE113 0 0
24 CSE BT24CSE114 0 0
24 CSE BT24CSE115 0 0
24 CSE BT24CSE116 0 0
24 CSE BT24CSE117 0 0
24 CSE BT24CSE118 0 0
24 CSE BT24CSE119 0 0
24 CSE BT24CSE120 0 0
24 CSE BT24CSE121 0 0
24 CSE BT24CSE122 0 0
24 CSE BT24CSE123 0 0
24 CSE BT24CSE124 0 0
24 CSE BT24CSE125 0 0
24 CSE BT24CSE126 0 0
24 CSE BT24CSE127 0 0
24 CSE BT24CSE128 0 0
24 CSE BT24CSE129 0 0
24 CSE BT24CSE130 0 0
24 CSE BT24CSE131 0 0
24 CSE BT24CSE132 0 0
24 CSE BT24CSE133 0 0
24 CSE BT24CSE134 0 0
24 CSE BT24CSE135 0 0
24 CSE BT24CSE136 0 0
24 CSE BT24CSE137 0 0
24 CSE BT24CSE138 0 0
24 CSE BT24CSE139 0 0
24 CSE BT24CSE140 0 0
24 CSE BT24CSE141 0 0
24 CSE BT24CSE142 0 0
24 CSE BT24CSE143 0 0
24 CSE BT24CSE144 0 0
24 CSE BT24CSE145 0 0
24 CSE BT24CSE146 0 0
24 CSE BT24CSE147 0 0
24 CSE BT24CSE148 0 0
24 CSE BT24CSE149 0 0
24 CSE BT24CSE150 0 0
24 CSE BT24CSE151 0 0
24 CSE BT24CSE152 0 0
24 CSE BT24CSE153 0 0
24 CSE BT24CSE154 0 0
24 CSE BT24CSE155 0 0
24 CSE BT24CSE156 0 0
24 CSE BT24CSE157 0 0
24 CSE BT24CSE158 0 0
24 CSE BT24CSE159 0 0
24 CSE BT24CSE160 0 0
24 CSE BT24CSE161 0 0
24 CSE BT24CSE162 0 0
24 CSE BT24CSE163 0 0
24 CSE BT24CSE164 0 0
24 CSE BT24CSE165 0 0
24 CSE BT24CSE166 0 0
24 CSE BT24CSE167 0 0
24 CSE BT24CSE168 0 0
24 CSE BT24CSE169 0 0
24 CSE BT24CSE170 0 0
24 CSE BT24CSE171 0 0
24 CSE BT24CSE172 0 0
24 CSE BT24CSE173 0 0
24 CSE BT24CSE174 0 0
24 CSE BT24CSE175 0 0
24 CSE BT24CSE176 0 0
24 CSE BT24CSE177 0 0
24 CSE BT24CSE178 0 0
24 CSE BT24CSE179 0 0
24 CSE BT24CSE180 0 0
24 CSE BT24CSE181 0 0
24 CSE BT24CSE182 0 0
24 CSE BT24CSE183 0 0
24 CSE BT24CSE184 0 0
24 CSE BT24CSE185 0 0
24 CSE BT24CSE186 0 0
24 CSE BT24CSE187 0 0
24 CSE BT24CSE188 0 0
24 CSE BT24CSE189 0 0
24 CSE BT24CSE190 0 0
24 CSE BT24CSE191 0 0
24 CSE BT24CSE192 0 0
24 CSE BT24CSE193 0 0
24 CSE BT24CSE194 0 0
24 CSE BT24CSE195 0 0
24 CSE BT24CSE196 0 0
24 CSE BT24CSE197 0 0
24 CSE BT24CSE198 0 0
24 CSE BT24CSE199 0 0
24 CSE BT24CSE200 0 0
24 CSE BT24CSE201 0 0
24 CSE BT24CSE202 0 0
24 CSE BT24CSE203 0 0
24 CSE BT24CSE204 0 0
24 CSE BT24CSE205 0 0
24 CSE BT24CSE206 0 0
24 CSE BT24CSE207 0 0
24 CSE BT24CSE208 0 0
24 CSE BT24CSE209 0 0
24 CSE BT24CSE210 0 0
24 CSH BT24CSH001 1 1
24 CSH BT24CSH002 1 1
24 CSH BT24CSH003 1 1
24 CSH BT24CSH004 1 1
24 CSH BT24CSH005 1 1
24 CSH BT24CSH006 1 1
24 CSH BT24CSH007 0 1
24 CSH BT24CSH008 1 1
24 CSH BT24CSH009 1 1
24 CSH BT24CSH010 0 1
24 CSH BT24CSH011 1 1
24 CSH BT24CSH012 1 1
24 CSH BT24CSH013 0 1
24 CSH BT24CSH014 1 1
24 CSH BT24CSH015 1 1
24 CSH BT24CSH016 1 1
24 CSH BT24CSH017 0 1
24 CSH BT24CSH018 0 1
24 CSH BT24CSH019 0 1
24 CSH BT24CSH020 0 1
24 CSH BT24CSH021 0 1
24 CSH BT24CSH022 0 1
24 CSH BT24CSH023 1 1
24 CSH BT24CSH024 1 1
24 CSH BT24CSH025 1 1
24 CSH BT24CSH026 1 1
24 CSH BT24CSH027 1 1
24 CSH BT24CSH028 1 1
24 CSH BT24CSH029 1 1
24 CSH BT24CSH030 1 1
24 CSH BT24CSH031 1 1
24 CSH BT24CSH032 1 1
24 CSH BT24CSH033 1 1
24 CSH BT24CSH034 1 1
24 CSH BT24CSH035 1 1
24 CSH BT24CSH036 1 1
24 CSH BT24CSH037 0 1
24 CSH BT24CSH038 1 1
24 CSH BT24CSH039 1 1
24 CSH BT24CSH040 1 1
24 CSH BT24CSH041 1 1
24 CSH BT24CSH042 1 1
24 CSH BT24CSH043 1 1
24 CSH BT24CSH044 1 1
24 CSH BT24CSH045 1 1
24 CSH BT24CSH046 1 1
24 CSH BT24CSH047 1 1
24 CSH BT24CSH048 1 1
24 CSH BT24CSH049 1 1
24 CSH BT24CSH050 1 1
24 CSH BT24CSH051 1 1
24 CSH BT24CSH052 1 1
24 CSH BT24CSH053 1 1
24 CSH BT24CSH054 1 1
24 CSH BT24CSH055 1 1
24 CSH BT24CSH056 1 1
24 CSH BT24CSH057 1 1
24 CSH BT24CSH058 1 1
24 CSH BT24CSH059 0 1
24 CSH BT24CSH060 0 1
24 CSH BT24CSH061 0 1
24 CSH BT24CSH062 1 1
24 CSH BT24CSH063 1 1
24 CSH BT24CSH064 1 1
24 CSH BT24CSH065 0 1
24 CSH BT24CSH066 1 1
24 CSH BT24CSH067 1 1
24 CSH BT24CSH068 1 1
24 CSH BT24CSH069 0 1
24 CSH BT24CSH070 1 1
24 ECE BT24ECE001 0 0
24 ECE BT24ECE002 0 0
24 ECE BT24ECE003 0 0
24 ECE BT24ECE004 0 0
24 ECE BT24ECE005 0 0
24 ECE BT24ECE006 0 0
24 ECE BT24ECE007 0 0
24 ECE BT24ECE008 0 0
24 ECE BT24ECE009 0 0
24 ECE BT24ECE010 0 0
24 ECE BT24ECE011 0 0
24 ECE BT24ECE012 0 0
24 ECE BT24ECE013 0 0
24 ECE BT24ECE014 0 0
24 ECE BT24ECE015 0 0
24 ECE BT24ECE016 0 0
24 ECE BT24ECE017 0 0
24 ECE BT24ECE018 0 0
24 ECE BT24ECE019 0 0
24 ECE BT24ECE020 0 0
24 ECE BT24ECE021 0 0
24 ECE BT24ECE022 0 0
24 ECE BT24ECE023 0 0
24 ECE BT24ECE024 0 0
24 ECE BT24ECE025 0 0
24 ECE BT24ECE026 0 0
24 ECE BT24ECE027 0 0
24 ECE BT24ECE028 0 0
24 ECE BT24ECE029 0 0
24 ECE BT24ECE030 0 0
24 ECE BT24ECE031 0 0
24 ECE BT24ECE032 0 0
24 ECE BT24ECE033 0 0
24 ECE BT24ECE034 0 0
24 ECE BT24ECE035 0 0
24 ECE BT24ECE036 0 0
24 ECE BT24ECE037 0 0
24 ECE BT24ECE038 0 0
24 ECE BT24ECE039 0 0
24 ECE BT24ECE040 0 0
24 ECE BT24ECE041 0 0
24 ECE BT24ECE042 0 0
24 ECE BT24ECE043 0 0
24 ECE BT24ECE044 0 0
24 ECE BT24ECE045 0 0
24 ECE BT24ECE046 0 0
24 ECE BT24ECE047 0 0
24 ECE BT24ECE048 0 0
24 ECE BT24ECE049 0 0
24 ECE BT24ECE050 0 0
24 ECE BT24ECE051 0 0
24 ECE BT24ECE052 0 0
24 ECE BT24ECE053 0 0
24 ECE BT24ECE054 0 0
24 ECE BT24ECE055 0 0
24 ECE BT24ECE056 0 0
24 ECE BT24ECE057 0 0
24 ECE BT24ECE058 0 0
24 ECE BT24ECE059 0 0
24 ECE BT24ECE060 0 0
24 ECE BT24ECE061 0 0
24 ECE BT24ECE062 0 0
24 ECE BT24ECE063 0 0
24 ECE BT24ECE064 0 0
24 ECE BT24ECE065 0 0
24 ECE BT24ECE066 0 0
24 ECE BT24ECE067 0 0
24 ECE BT24ECE068 0 0
24 ECE BT24ECE069 0 0
24 ECE BT24ECE070 0 0
24 ECE BT24ECE071 0 0
24 ECE BT24ECE072 0 0
24 ECE BT24ECE073 0 0
24 ECE BT24ECE074 0 0
24 ECE BT24ECE075 0 0
24 ECE BT24ECE076 0 0
24 ECE BT24ECE077 0 0
24 ECE BT24ECE078 0 0
24 ECE BT24ECE079 0 0
24 ECE BT24ECE080 0 0
24 ECE BT24ECE081 0 0
24 ECE BT24ECE082 0 0
24 ECE BT24ECE083 0 0
24 ECE BT24ECE084 0 0
24 ECE BT24ECE085 0 0
24 ECE BT24ECE086 0 0
24 ECE BT24ECE087 0 0
24 ECE BT24ECE088 0 0
24 ECE BT24ECE089 0 0
24 ECE BT24ECE090 0 0
24 ECE BT24ECE091 0 0
24 ECE BT24ECE092 0 0
24 ECE BT24ECE093 0 0
24 ECE BT24ECE094 0 0
24 ECE BT24ECE095 0 0
24 ECE BT24ECE096 0 0
24 ECE BT24ECE097 0 0
24 ECE BT24ECE098 0 0
24 ECE BT24ECE099 0 0
24 ECE BT24ECE100 0 0
24 ECE BT24ECE101 0 0
24 ECE BT24ECE102 0 0
24 ECE BT24ECE103 0 0
24 ECE BT24ECE104 0 0
24 ECE BT24ECE105 0 0
24 ECE BT24ECE106 0 0
24 ECE BT24ECE107 0 0
24 ECE BT24ECE108 0 0
24 ECE BT24ECE109 0 0
24 ECE BT24ECE110 0 0
24 ECE BT24ECE111 0 0
24 ECE BT24ECE112 0 0
24 ECE BT24ECE113 0 0
24 ECE BT24ECE114 0 0
24 ECE BT24ECE115 0 0
24 ECE BT24ECE116 0 0
24 ECE BT24ECE117 0 0
24 ECE BT24ECE118 0 0
24 ECE BT24ECE119 0 0
24 ECE BT24ECE120 0 0
24 ECE BT24ECE121 0 0
24 ECE BT24ECE122 0 0
24 ECE BT24ECE123 0 0
24 ECE BT24ECE124 0 0
24 ECE BT24ECE125 0 0
24 ECE BT24ECE126 0 0
24 ECE BT24ECE127 0 0
24 ECE BT24ECE128 0 0
24 ECE BT24ECE129 0 0
24 ECE BT24ECE130 0 0
24 ECE BT24ECE131 0 0
24 ECE BT24ECE132 0 0
24 ECE BT24ECE133 0 0
24 ECE BT24ECE134 0 0
24 ECE BT24ECE135 0 0
24 ECE BT24ECE136 0 0
24 ECE BT24ECE137 0 0
24 ECE BT24ECE138 0 0
24 ECE BT24ECE139 0 0
24 ECE BT24ECE140 0 0
24 ECE BT24ECE141 0 0
24 ECE BT24ECE142 0 0
24 ECE BT24ECE143 0 0
24 ECE BT24ECE144 0 0
24 ECE BT24ECE145 0 0
24 ECE BT24ECE146 0 0
24 ECE BT24ECE147 0 0
24 ECE BT24ECE148 0 0
24 ECE BT24ECE149 0 0
24 ECE BT24ECE150 0 0
24 ECI BT24ECI001 0 0
24 ECI BT24ECI002 0 0
24 ECI BT24ECI003 0 0
24 ECI BT24ECI004 0 0
24 ECI BT24ECI005 0 0
24 ECI BT24ECI006 0 0
24 ECI BT24ECI007 0 0
24 ECI BT24ECI008 0 0
24 ECI BT24ECI009 0 0
24 ECI BT24ECI010 0 0
24 ECI BT24ECI011 0 0
24 ECI BT24ECI012 0 0
24 ECI BT24ECI013 0 0
24 ECI BT24ECI014 0 0
24 ECI BT24ECI015 0 0
24 ECI BT24ECI016 0 0
24 ECI BT24ECI017 0 0
24 ECI BT24ECI018 0 0
24 ECI BT24ECI019 0 0
24 ECI BT24ECI020 0 0
24 ECI BT24ECI021 0 0
24 ECI BT24ECI022 0 0
24 ECI BT24ECI023 0 0
24 ECI BT24ECI024 0 0
24 ECI BT24ECI025 0 0
24 ECI BT24ECI026 0 0
24 ECI BT24ECI027 0 0
24 ECI BT24ECI028 0 0
24 ECI BT24ECI029 0 0
24 ECI BT24ECI030 0 0
24 ECI BT24ECI031 0 0
24 ECI BT24ECI032 0 0
24 ECI BT24ECI033 0 0
24 ECI BT24ECI034 0 0
24 ECI BT24ECI035 0 0
24 ECI BT24ECI036 0 0
24 ECI BT24ECI037 0 0
24 ECI BT24ECI038 0 0
24 ECI BT24ECI039 0 0
24 ECI BT24ECI040 0 0
24 ECI BT24ECI041 0 0
24 ECI BT24ECI042 0 0
24 ECI BT24ECI043 0 0
24 ECI BT24ECI044 0 0
24 ECI BT24ECI045 0 0
24 ECI BT24ECI046 0 0
24 ECI BT24ECI047 0 0
24 ECI BT24ECI048 0 0
24 ECI BT24ECI049 0 0
24 ECI BT24ECI050 0 0
24 ECI BT24ECI051 0 0
24 ECI BT24ECI052 0 0
24 ECI BT24ECI053 0 0
24 ECI BT24ECI054 0 0
24 ECI BT24ECI055 0 0
24 ECI BT24ECI056 0 0
24 ECI BT24ECI057 0 0
24 ECI BT24ECI058 0 0
24 ECI BT24ECI059 0 0
24 ECI BT24ECI060 0 0
24 ECI BT24ECI061 0 0
24 ECI BT24ECI062 0 0
24 ECI BT24ECI063 0 0
24 ECI BT24ECI064 0 0
24 ECI BT24ECI065 0 0
24 ECI BT24ECI066 0 0
24 ECI BT24ECI067 0 0
24 ECI BT24ECI068 0 0
24 ECI BT24ECI069 0 0
24 ECI BT24ECI070 0 0
25  1025 0 0
25  1125 0 0
25  1325 0 0
25  2425 0 0
25  2825 0 0
25  3225 0 0
25  4025 0 0
25  4325 0 0
25  4725 0 0
25  4825 0 0
25  5225 0 0
25  5925 0 0
25  6525 0 0
25  6925 0 0
25  7625 0 0
25  8625 0 0
25  9325 0 0
25  9825 0 0
25  9925 0 0
25 1025 0 0 0
25 1125 0 0 0
25 1325 0 0 0
25 2425 0 0 0
25 2825 0 0 0
25 3225 0 0 0
25 4025 0 0 0
25 4325 0 0 0
25 4725 0 0 0
25 4825 0 0 0
25 5225 0 0 0
25 5925 0 0 0
25 6525 0 0 0
25 6925 0 0 0
25 7625 0 0 0
25 8625 0 0 0
25 9325 0 0 0
25 9825 0 0 0
25 9925 0 0 0
26  1526 0 0
26  2126 0 0
26  2326 0 0
26  3026 0 0
26  3826 0 0
26  3926 0 0
26  4026 0 0
26  4226 0 0
26  4326 0 0
26  4826 0 0
26  6026 0 0
26  6126 0 0
26  6826 0 0
26  7026 0 0
26  7426 0 0
26  7526 0 0
26  7726 0 0
26  8426 0 0
26  8526 0 0
26  9226 0 0
26 1526 0 0 0
26 2126 0 0 0
26 2326 0 0 0
26 3026 0 0 0
26 3826 0 0 0
26 3926 0 0 0
26 4026 0 0 0
26 4226 0 0 0
26 4326 0 0 0
26 4826 0 0 0
26 6026 0 0 0
26 6126 0 0 0
26 6826 0 0 0
26 7026 0 0 0
26 7426 0 0 0
26 7526 0 0 0
26 7726 0 0 0
26 8426 0 0 0
26 8526 0 0 0
26 9226 0 0 0
27  1027 0 0
27  1527 0 0
27  2727 0 0
27  3027 0 0
27  3327 0 0
27  3427 0 0
27  3727 0 0
27  4027 0 0
27  4427 0 0
27  4627 0 0
27  4827 0 0
27  5027 0 0
27  5127 0 0
27  5227 0 0
27  5327 0 0
27  6327 0 0
27  7527 0 0
27  8127 0 0
27  9027 0 0
27  9127 0 0
27  9427 0 0
27  9727 0 0
27  9827 0 0
27  9927 0 0
27 1027 0 0 0
27 1527 0 0 0
27 2727 0 0 0
27 3027 0 0 0
27 3327 0 0 0
27 3427 0 0 0
27 3727 0 0 0
27 4027 0 0 0
27 4427 0 0 0
27 4627 0 0 0
27 4827 0 0 0
27 5027 0 0 0
27 5127 0 0 0
27 5227 0 0 0
27 5327 0 0 0
27 6327 0 0 0
27 7527 0 0 0
27 8127 0 0 0
27 9027 0 0 0
27 9127 0 0 0
27 9427 0 0 0
27 9727 0 0 0
27 9827 0 0 0
27 9927 0 0 0
28  1128 0 0
28  1528 0 0
28  2228 0 0
28  2428 0 0
28  2628 0 0
28  2928 0 0
28  3228 0 0
28  3528 0 0
28  3728 0 0
28  3928 0 0
28  4028 0 0
28  4128 0 0
28  4428 0 0
28  4528 0 0
28  5828 0 0
28  6028 0 0
28  6128 0 0
28  6528 0 0
28  7128 0 0
28  7628 0 0
28  7728 0 0
28  7828 0 0
28  8928 0 0
28  9328 0 0
28 1128 0 0 0
28 1528 0 0 0
28 2228 0 0 0
28 2428 0 0 0
28 2628 0 0 0
28 2928 0 0 0
28 3228 0 0 0
28 3528 0 0 0
28 3728 0 0 0
28 3928 0 0 0
28 4028 0 0 0
28 4128 0 0 0
28 4428 0 0 0
28 4528 0 0 0
28 5828 0 0 0
28 6028 0 0 0
28 6128 0 0 0
28 6528 0 0 0
28 7128 0 0 0
28 7628 0 0 0
28 7728 0 0 0
28 7828 0 0 0
28 8928 0 0 0
28 9328 0 0 0
29  1129 0 0
29  1429 0 0
29  1529 0 0
29  1629 0 0
29  1729 0 0
29  2629 0 0
29  2829 0 0
29  3029 0 0
29  3429 0 0
29  3629 0 0
29  4429 0 0
29  4529 0 0
29  4729 0 0
29  4829 0 0
29  5029 0 0
29  5229 0 0
29  5529 0 0
29  6129 0 0
29  6329 0 0
29  6529 0 0
29  7529 0 0
29  8129 0 0
29  8529 0 0
29  8829 0 0
29  8929 0 0
29 1129 0 0 0
29 1429 0 0 0
29 1529 0 0 0
29 1629 0 0 0
29 1729 0 0 0
29 2629 0 0 0
29 2829 0 0 0
29 3029 0 0 0
29 3429 0 0 0
29 3629 0 0 0
29 4429 0 0 0
29 4529 0 0 0
29 4729 0 0 0
29 4829 0 0 0
29 5029 0 0 0
29 5229 0 0 0
29 5529 0 0 0
29 6129 0 0 0
29 6329 0 0 0
29 6529 0 0 0
29 7529 0 0 0
29 8129 0 0 0
29 8529 0 0 0
29 8829 0 0 0
29 8929 0 0 0
30  2030 0 0
30  2530 0 0
30  3130 0 0
30  4130 0 0
30  4530 0 0
30  6330 0 0
30  6930 0 0
30  7130 0 0
30  7630 0 0
30  7730 0 0
30  9630 0 0
30  9930 0 0
30 2030 0 0 0
30 2530 0 0 0
30 3130 0 0 0
30 4130 0 0 0
30 4530 0 0 0
30 6330 0 0 0
30 6930 0 0 0
30 7130 0 0 0
30 7630 0 0 0
30 7730 0 0 0
30 9630 0 0 0
30 9930 0 0 0
31  1631 0 0
31  2231 0 0
31  2731 0 0
31  3131 0 0
31  3331 0 0
31  3531 0 0
31  3731 0 0
31  3931 0 0
31  4131 0 0
31  4831 0 0
31  4931 0 0
31  5931 0 0
31  6131 0 0
31  6731 0 0
31  6831 0 0
31  7231 0 0
31  8431 0 0
31  9031 0 0
31  9531 0 0
31  9731 0 0
31 1631 0 0 0
31 2231 0 0 0
31 2731 0 0 0
31 3131 0 0 0
31 3331 0 0 0
31 3531 0 0 0
31 3731 0 0 0
31 3931 0 0 0
31 4131 0 0 0
31 4831 0 0 0
31 4931 0 0 0
31 5931 0 0 0
31 6131 0 0 0
31 6731 0 0 0
31 6831 0 0 0
31 7231 0 0 0
31 8431 0 0 0
31 9031 0 0 0
31 9531 0 0 0
31 9731 0 0 0
32  1232 0 0
32  2532 0 0
32  2732 0 0
32  4132 0 0
32  4732 0 0
32  4832 0 0
32  5132 0 0
32  5232 0 0
32  6932 0 0
32  7032 0 0
32  7332 0 0
32  7632 0 0
32  8232 0 0
32  8932 0 0
32  9032 0 0
32  9732 0 0
32 1232 0 0 0
32 2532 0 0 0
32 2732 0 0 0
32 4132 0 0 0
32 4732 0 0 0
32 4832 0 0 0
32 5132 0 0 0
32 5232 0 0 0
32 6932 0 0 0
32 7032 0 0 0
32 7332 0 0 0
32 7632 0 0 0
32 8232 0 0 0
32 8932 0 0 0
32 9032 0 0 0
32 9732 0 0 0
33  1433 0 0
33  1633 0 0
33  1833 0 0
33  2033 0 0
33  2233 0 0
33  2633 0 0
33  2833 0 0
33  2933 0 0
33  3233 0 0
33  3433 0 0
33  3533 0 0
33  4233 0 0
33  4333 0 0
33  4833 0 0
33  5033 0 0
33  5233 0 0
33  5633 0 0
33  6333 0 0
33  6933 0 0
33  8233 0 0
33  8733 0 0
33  9433 0 0
33  9733 0 0
33  9833 0 0
33 1433 0 0 0
33 1633 0 0 0
33 1833 0 0 0
33 2033 0 0 0
33 2233 0 0 0
33 2633 0 0 0
33 2833 0 0 0
33 2933 0 0 0
33 3233 0 0 0
33 3433 0 0 0
33 3533 0 0 0
33 4233 0 0 0
33 4333 0 0 0
33 4833 0 0 0
33 5033 0 0 0
33 5233 0 0 0
33 5633 0 0 0
33 6333 0 0 0
33 6933 0 0 0
33 8233 0 0 0
33 8733 0 0 0
33 9433 0 0 0
33 9733 0 0 0
33 9833 0 0 0
34  1034 0 0
34  2234 0 0
34  2734 0 0
34  3534 0 0
34  3734 0 0
34  3934 0 0
34  4634 0 0
34  4934 0 0
34  5134 0 0
34  5334 0 0
34  5534 0 0
34  5834 0 0
34  7334 0 0
34  7534 0 0
34  7634 0 0
34  8534 0 0
34  9134 0 0
34  9334 0 0
34  9434 0 0
34 1034 0 0 0
34 2234 0 0 0
34 2734 0 0 0
34 3534 0 0 0
34 3734 0 0 0
34 3934 0 0 0
34 4634 0 0 0
34 4934 0 0 0
34 5134 0 0 0
34 5334 0 0 0
34 5534 0 0 0
34 5834 0 0 0
34 7334 0 0 0
34 7534 0 0 0
34 7634 0 0 0
34 8534 0 0 0
34 9134 0 0 0
34 9334 0 0 0
34 9434 0 0 0
35  1335 0 0
35  1535 0 0
35  2235 0 0
35  2335 0 0
35  2435 0 0
35  2535 0 0
35  2635 0 0
35  2735 0 0
35  3635 0 0
35  3935 0 0
35  4135 0 0
35  4235 0 0
35  4735 0 0
35  5935 0 0
35  6535 0 0
35  6935 0 0
35  7335 0 0
35  7635 0 0
35  7735 0 0
35  8235 0 0
35  8335 0 0
35  9835 0 0
35 1335 0 0 0
35 1535 0 0 0
35 2235 0 0 0
35 2335 0 0 0
35 2435 0 0 0
35 2535 0 0 0
35 2635 0 0 0
35 2735 0 0 0
35 3635 0 0 0
35 3935 0 0 0
35 4135 0 0 0
35 4235 0 0 0
35 4735 0 0 0
35 5935 0 0 0
35 6535 0 0 0
35 6935 0 0 0
35 7335 0 0 0
35 7635 0 0 0
35 7735 0 0 0
35 8235 0 0 0
35 8335 0 0 0
35 9835 0 0 0
36  2536 0 0
36  3536 0 0
36  3936 0 0
36  4136 0 0
36  4336 0 0
36  4536 0 0
36  4636 0 0
36  4736 0 0
36  4836 0 0
36  5336 0 0
36  5836 0 0
36  5936 0 0
36  6036 0 0
36  6636 0 0
36  6836 0 0
36  7836 0 0
36  8336 0 0
36  8636 0 0
36  9236 0 0
36  9536 0 0
36 2536 0 0 0
36 3536 0 0 0
36 3936 0 0 0
36 4136 0 0 0
36 4336 0 0 0
36 4536 0 0 0
36 4636 0 0 0
36 4736 0 0 0
36 4836 0 0 0
36 5336 0 0 0
36 5836 0 0 0
36 5936 0 0 0
36 6036 0 0 0
36 6636 0 0 0
36 6836 0 0 0
36 7836 0 0 0
36 8336 0 0 0
36 8636 0 0 0
36 9236 0 0 0
36 9536 0 0 0
37  1937 0 0
37  2237 0 0
37  2337 0 0
37  2637 0 0
37  2837 0 0
37  2937 0 0
37  3137 0 0
37  3537 0 0
37  3737 0 0
37  3937 0 0
37  4737 0 0
37  5737 0 0
37  5837 0 0
37  6137 0 0
37  6237 0 0
37  6537 0 0
37  6937 0 0
37  7037 0 0
37  7937 0 0
37  8137 0 0
37  8437 0 0
37  8537 0 0
37  8837 0 0
37  9537 0 0
37 1937 0 0 0
37 2237 0 0 0
37 2337 0 0 0
37 2637 0 0 0
37 2837 0 0 0
37 2937 0 0 0
37 3137 0 0 0
37 3537 0 0 0
37 3737 0 0 0
37 3937 0 0 0
37 4737 0 0 0
37 5737 0 0 0
37 5837 0 0 0
37 6137 0 0 0
37 6237 0 0 0
37 6537 0 0 0
37 6937 0 0 0
37 7037 0 0 0
37 7937 0 0 0
37 8137 0 0 0
37 8437 0 0 0
37 8537 0 0 0
37 8837 0 0 0
37 9537 0 0 0
38  1538 0 0
38  2038 0 0
38  2838 0 0
38  3238 0 0
38  3538 0 0
38  4138 0 0
38  4338 0 0
38  4638 0 0
38  5238 0 0
38  6638 0 0
38  7038 0 0
38  7138 0 0
38  8638 0 0
38  9738 0 0
38 1538 0 0 0
38 2038 0 0 0
38 2838 0 0 0
38 3238 0 0 0
38 3538 0 0 0
38 4138 0 0 0
38 4338 0 0 0
38 4638 0 0 0
38 5238 0 0 0
38 6638 0 0 0
38 7038 0 0 0
38 7138 0 0 0
38 8638 0 0 0
38 9738 0 0 0
39  1239 0 0
39  1539 0 0
39  2539 0 0
39  2639 0 0
39  3039 0 0
39  3639 0 0
39  3939 0 0
39  4339 0 0
39  5739 0 0
39  5839 0 0
39  6039 0 0
39  6339 0 0
39  6639 0 0
39  7439 0 0
39  9239 0 0
39 1239 0 0 0
39 1539 0 0 0
39 2539 0 0 0
39 2639 0 0 0
39 3039 0 0 0
39 3639 0 0 0
39 3939 0 0 0
39 4339 0 0 0
39 5739 0 0 0
39 5839 0 0 0
39 6039 0 0 0
39 6339 0 0 0
39 6639 0 0 0
39 7439 0 0 0
39 9239 0 0 0
40  1140 0 0
40  2940 0 0
40  3440 0 0
40  4340 0 0
40  4740 0 0
40  5040 0 0
40  5740 0 0
40  6440 0 0
40  6740 0 0
40  7540 0 0
40  7940 0 0
40  8140 0 0
40  8240 0 0
40  9440 0 0
40 1140 0 0 0
40 2940 0 0 0
40 3440 0 0 0
40 4340 0 0 0
40 4740 0 0 0
40 5040 0 0 0
40 5740 0 0 0
40 6440 0 0 0
40 6740 0 0 0
40 7540 0 0 0
40 7940 0 0 0
40 8140 0 0 0
40 8240 0 0 0
40 9440 0 0 0
41  1341 0 0
41  1441 0 0
41  2141 0 0
41  2241 0 0
41  2541 0 0
41  2641 0 0
41  2941 0 0
41  3441 0 0
41  3541 0 0
41  3941 0 0
41  4041 0 0
41  4541 0 0
41  4741 0 0
41  5141 0 0
41  5341 0 0
41  5541 0 0
41  5741 0 0
41  6741 0 0
41  7241 0 0
41  8141 0 0
41  8541 0 0
41  8641 0 0
41 1341 0 0 0
41 1441 0 0 0
41 2141 0 0 0
41 2241 0 0 0
41 2541 0 0 0
41 2641 0 0 0
41 2941 0 0 0
41 3441 0 0 0
41 3541 0 0 0
41 3941 0 0 0
41 4041 0 0 0
41 4541 0 0 0
41 4741 0 0 0
41 5141 0 0 0
41 5341 0 0 0
41 5541 0 0 0
41 5741 0 0 0
41 6741 0 0 0
41 7241 0 0 0
41 8141 0 0 0
41 8541 0 0 0
41 8641 0 0 0
42  1442 0 0
42  1542 0 0
42  2242 0 0
42  2342 0 0
42  2842 0 0
42  4042 0 0
42  4442 0 0
42  4542 0 0
42  5442 0 0
42  5842 0 0
42  6742 0 0
42  7842 0 0
42  8242 0 0
42  8542 0 0
42  9542 0 0
42 1442 0 0 0
42 1542 0 0 0
42 2242 0 0 0
42 2342 0 0 0
42 2842 0 0 0
42 4042 0 0 0
42 4442 0 0 0
42 4542 0 0 0
42 5442 0 0 0
42 5842 0 0 0
42 6742 0 0 0
42 7842 0 0 0
42 8242 0 0 0
42 8542 0 0 0
42 9542 0 0 0
43  1143 0 0
43  1643 0 0
43  2343 0 0
43  3343 0 0
43  3543 0 0
43  3643 0 0
43  4243 0 0
43  4543 0 0
43  5143 0 0
43  5243 0 0
43  5443 0 0
43  6143 0 0
43  6743 0 0
43  6843 0 0
43  6943 0 0
43  7343 0 0
43  7443 0 0
43  8143 0 0
43  8243 0 0
43  8643 0 0
43  8943 0 0
43  9643 0 0
43  9843 0 0
43 1143 0 0 0
43 1643 0 0 0
43 2343 0 0 0
43 3343 0 0 0
43 3543 0 0 0
43 3643 0 0 0
43 4243 0 0 0
43 4543 0 0 0
43 5143 0 0 0
43 5243 0 0 0
43 5443 0 0 0
43 6143 0 0 0
43 6743 0 0 0
43 6843 0 0 0
43 6943 0 0 0
43 7343 0 0 0
43 7443 0 0 0
43 8143 0 0 0
43 8243 0 0 0
43 8643 0 0 0
43 8943 0 0 0
43 9643 0 0 0
43 9843 0 0 0
44  1144 0 0
44  1344 0 0
44  1444 0 0
44  1544 0 0
44  1644 0 0
44  1944 0 0
44  2144 0 0
44  2544 0 0
44  2744 0 0
44  3744 0 0
44  4144 0 0
44  4244 0 0
44  4744 0 0
44  4844 0 0
44  5044 0 0
44  5244 0 0
44  5444 0 0
44  5744 0 0
44  5844 0 0
44  6244 0 0
44  6444 0 0
44  8244 0 0
44  8444 0 0
44  8644 0 0
44 1144 0 0 0
44 1344 0 0 0
44 1444 0 0 0
44 1544 0 0 0
44 1644 0 0 0
44 1944 0 0 0
44 2144 0 0 0
44 2544 0 0 0
44 2744 0 0 0
44 3744 0 0 0
44 4144 0 0 0
44 4244 0 0 0
44 4744 0 0 0
44 4844 0 0 0
44 5044 0 0 0
44 5244 0 0 0
44 5444 0 0 0
44 5744 0 0 0
44 5844 0 0 0
44 6244 0 0 0
44 6444 0 0 0
44 8244 0 0 0
44 8444 0 0 0
44 8644 0 0 0
45  1045 0 0
45  1145 0 0
45  1745 0 0
45  3545 0 0
45  3645 0 0
45  3745 0 0
45  4245 0 0
45  4445 0 0
45  4545 0 0
45  4745 0 0
45  5445 0 0
45  6045 0 0
45  6145 0 0
45  6345 0 0
45  7445 0 0
45  8645 0 0
45  8745 0 0
45  9745 0 0
45 1045 0 0 0
45 1145 0 0 0
45 1745 0 0 0
45 3545 0 0 0
45 3645 0 0 0
45 3745 0 0 0
45 4245 0 0 0
45 4445 0 0 0
45 4545 0 0 0
45 4745 0 0 0
45 5445 0 0 0
45 6045 0 0 0
45 6145 0 0 0
45 6345 0 0 0
45 7445 0 0 0
45 8645 0 0 0
45 8745 0 0 0
45 9745 0 0 0
46  1146 0 0
46  1246 0 0
46  2946 0 0
46  3046 0 0
46  3546 0 0
46  3746 0 0
46  4346 0 0
46  4946 0 0
46  5046 0 0
46  5446 0 0
46  6146 0 0
46  6646 0 0
46  7846 0 0
46  8046 0 0
46  8246 0 0
46  9346 0 0
46  9446 0 0
46  9646 0 0
46 1146 0 0 0
46 1246 0 0 0
46 2946 0 0 0
46 3046 0 0 0
46 3546 0 0 0
46 3746 0 0 0
46 4346 0 0 0
46 4946 0 0 0
46 5046 0 0 0
46 5446 0 0 0
46 6146 0 0 0
46 6646 0 0 0
46 7846 0 0 0
46 8046 0 0 0
46 8246 0 0 0
46 9346 0 0 0
46 9446 0 0 0
46 9646 0 0 0
47  2047 0 0
47  2147 0 0
47  2247 0 0
47  2447 0 0
47  2647 0 0
47  2847 0 0
47  2947 0 0
47  4147 0 0
47  4347 0 0
47  4547 0 0
47  4847 0 0
47  5347 0 0
47  6047 0 0
47  6547 0 0
47  7147 0 0
47  7347 0 0
47  7547 0 0
47  8647 0 0
47  9147 0 0
47  9347 0 0
47  9747 0 0
47 2047 0 0 0
47 2147 0 0 0
47 2247 0 0 0
47 2447 0 0 0
47 2647 0 0 0
47 2847 0 0 0
47 2947 0 0 0
47 4147 0 0 0
47 4347 0 0 0
47 4547 0 0 0
47 4847 0 0 0
47 5347 0 0 0
47 6047 0 0 0
47 6547 0 0 0
47 7147 0 0 0
47 7347 0 0 0
47 7547 0 0 0
47 8647 0 0 0
47 9147 0 0 0
47 9347 0 0 0
47 9747 0 0 0
48  1048 0 0
48  2348 0 0
48  2448 0 0
48  2548 0 0
48  2748 0 0
48  3248 0 0
48  3448 0 0
48  3748 0 0
48  4448 0 0
48  4548 0 0
48  4748 0 0
48  4848 0 0
48  5248 0 0
48  5748 0 0
48  6148 0 0
48  6348 0 0
48  6748 0 0
48  6848 0 0
48  7648 0 0
48  8248 0 0
48  8548 0 0
48  8748 0 0
48  8948 0 0
48  9148 0 0
48 1048 0 0 0
48 2348 0 0 0
48 2448 0 0 0
48 2548 0 0 0
48 2748 0 0 0
48 3248 0 0 0
48 3448 0 0 0
48 3748 0 0 0
48 4448 0 0 0
48 4548 0 0 0
48 4748 0 0 0
48 4848 0 0 0
48 5248 0 0 0
48 5748 0 0 0
48 6148 0 0 0
48 6348 0 0 0
48 6748 0 0 0
48 6848 0 0 0
48 7648 0 0 0
48 8248 0 0 0
48 8548 0 0 0
48 8748 0 0 0
48 8948 0 0 0
48 9148 0 0 0
49  1349 0 0
49  1549 0 0
49  2349 0 0
49  2449 0 0
49  2549 0 0
49  2649 0 0
49  3749 0 0
49  4049 0 0
49  4149 0 0
49  4949 0 0
49  5049 0 0
49  6249 0 0
49  6449 0 0
49  7149 0 0
49  8549 0 0
49  8949 0 0
49  9249 0 0
49  9749 0 0
49 1349 0 0 0
49 1549 0 0 0
49 2349 0 0 0
49 2449 0 0 0
49 2549 0 0 0
49 2649 0 0 0
49 3749 0 0 0
49 4049 0 0 0
49 4149 0 0 0
49 4949 0 0 0
49 5049 0 0 0
49 6249 0 0 0
49 6449 0 0 0
49 7149 0 0 0
49 8549 0 0 0
49 8949 0 0 0
49 9249 0 0 0
49 9749 0 0 0
50  1750 0 0
50  2050 0 0
50  2250 0 0
50  2450 0 0
50  2650 0 0
50  2950 0 0
50  3550 0 0
50  3650 0 0
50  4250 0 0
50  5050 0 0
50  5350 0 0
50  5450 0 0
50  5550 0 0
50  5750 0 0
50  6050 0 0
50  6450 0 0
50  6550 0 0
50  7450 0 0
50  8150 0 0
50  8850 0 0
50  9250 0 0
50  9450 0 0
50 1750 0 0 0
50 2050 0 0 0
50 2250 0 0 0
50 2450 0 0 0
50 2650 0 0 0
50 2950 0 0 0
50 3550 0 0 0
50 3650 0 0 0
50 4250 0 0 0
50 5050 0 0 0
50 5350 0 0 0
50 5450 0 0 0
50 5550 0 0 0
50 5750 0 0 0
50 6050 0 0 0
50 6450 0 0 0
50 6550 0 0 0
50 7450 0 0 0
50 8150 0 0 0
50 8850 0 0 0
50 9250 0 0 0
50 9450 0 0 0
51  1051 0 0
51  1251 0 0
51  2051 0 0
51  2351 0 0
51  2751 0 0
51  2951 0 0
51  3051 0 0
51  3351 0 0
51  3651 0 0
51  3851 0 0
51  4251 0 0
51  5151 0 0
51  5351 0 0
51  5951 0 0
51  7151 0 0
51  7651 0 0
51  8151 0 0
51  8251 0 0
51  8951 0 0
51  9051 0 0
51 1051 0 0 0
51 1251 0 0 0
51 2051 0 0 0
51 2351 0 0 0
51 2751 0 0 0
51 2951 0 0 0
51 3051 0 0 0
51 3351 0 0 0
51 3651 0 0 0
51 3851 0 0 0
51 4251 0 0 0
51 5151 0 0 0
51 5351 0 0 0
51 5951 0 0 0
51 7151 0 0 0
51 7651 0 0 0
51 8151 0 0 0
51 8251 0 0 0
51 8951 0 0 0
51 9051 0 0 0
52  1352 0 0
52  1452 0 0
52  1552 0 0
52  2052 0 0
52  2752 0 0
52  3052 0 0
52  3152 0 0
52  4152 0 0
52  4552 0 0
52  4652 0 0
52  4852 0 0
52  5052 0 0
52  5152 0 0
52  5652 0 0
52  5752 0 0
52  5852 0 0
52  6052 0 0
52  6252 0 0
52  6752 0 0
52  6952 0 0
52  7552 0 0
52  8352 0 0
52  8752 0 0
52  8952 0 0
52  9852 0 0
52 1352 0 0 0
52 1452 0 0 0
52 1552 0 0 0
52 2052 0 0 0
52 2752 0 0 0
52 3052 0 0 0
52 3152 0 0 0
52 4152 0 0 0
52 4552 0 0 0
52 4652 0 0 0
52 4852 0 0 0
52 5052 0 0 0
52 5152 0 0 0
52 5652 0 0 0
52 5752 0 0 0
52 5852 0 0 0
52 6052 0 0 0
52 6252 0 0 0
52 6752 0 0 0
52 6952 0 0 0
52 7552 0 0 0
52 8352 0 0 0
52 8752 0 0 0
52 8952 0 0 0
52 9852 0 0 0
53  1053 0 0
53  1753 0 0
53  2053 0 0
53  2153 0 0
53  2653 0 0
53  2853 0 0
53  3153 0 0
53  3253 0 0
53  3553 0 0
53  3653 0 0
53  3753 0 0
53  4053 0 0
53  4453 0 0
53  5553 0 0
53  5853 0 0
53  6553 0 0
53  6653 0 0
53  6853 0 0
53  7353 0 0
53  7553 0 0
53  8353 0 0
53  8653 0 0
53  8953 0 0
53  9053 0 0
53  9253 0 0
53  9853 0 0
53 1053 0 0 0
53 1753 0 0 0
53 2053 0 0 0
53 2153 0 0 0
53 2653 0 0 0
53 2853 0 0 0
53 3153 0 0 0
53 3253 0 0 0
53 3553 0 0 0
53 3653 0 0 0
53 3753 0 0 0
53 4053 0 0 0
53 4453 0 0 0
53 5553 0 0 0
53 5853 0 0 0
53 6553 0 0 0
53 6653 0 0 0
53 6853 0 0 0
53 7353 0 0 0
53 7553 0 0 0
53 8353 0 0 0
53 8653 0 0 0
53 8953 0 0 0
53 9053 0 0 0
53 9253 0 0 0
53 9853 0 0 0
54  1954 0 0
54  2054 0 0
54  2354 0 0
54  2454 0 0
54  2854 0 0
54  2954 0 0
54  3254 0 0
54  3454 0 0
54  4254 0 0
54  4554 0 0
54  5054 0 0
54  5554 0 0
54  5754 0 0
54  6654 0 0
54  6754 0 0
54  7054 0 0
54  8454 0 0
54  9354 0 0
54 1954 0 0 0
54 2054 0 0 0
54 2354 0 0 0
54 2454 0 0 0
54 2854 0 0 0
54 2954 0 0 0
54 3254 0 0 0
54 3454 0 0 0
54 4254 0 0 0
54 4554 0 0 0
54 5054 0 0 0
54 5554 0 0 0
54 5754 0 0 0
54 6654 0 0 0
54 6754 0 0 0
54 7054 0 0 0
54 8454 0 0 0
54 9354 0 0 0
55  1355 0 0
55  3155 0 0
55  4155 0 0
55  4555 0 0
55  4755 0 0
55  4855 0 0
55  4955 0 0
55  5255 0 0
55  5655 0 0
55  5955 0 0
55  6155 0 0
55  6255 0 0
55  6355 0 0
55  7255 0 0
55  8155 0 0
55  8255 0 0
55  8855 0 0
55  9355 0 0
55 1355 0 0 0
55 3155 0 0 0
55 4155 0 0 0
55 4555 0 0 0
55 4755 0 0 0
55 4855 0 0 0
55 4955 0 0 0
55 5255 0 0 0
55 5655 0 0 0
55 5955 0 0 0
55 6155 0 0 0
55 6255 0 0 0
55 6355 0 0 0
55 7255 0 0 0
55 8155 0 0 0
55 8255 0 0 0
55 8855 0 0 0
55 9355 0 0 0
56  1056 0 0
56  2656 0 0
56  3556 0 0
56  3856 0 0
56  4456 0 0
56  4556 0 0
56  4656 0 0
56  5156 0 0
56  6056 0 0
56  6156 0 0
56  6256 0 0
56  6356 0 0
56  6456 0 0
56  6656 0 0
56  7056 0 0
56  7556 0 0
56  7656 0 0
56  8456 0 0
56  8756 0 0
56  8856 0 0
56  9256 0 0
56 1056 0 0 0
56 2656 0 0 0
56 3556 0 0 0
56 3856 0 0 0
56 4456 0 0 0
56 4556 0 0 0
56 4656 0 0 0
56 5156 0 0 0
56 6056 0 0 0
56 6156 0 0 0
56 6256 0 0 0
56 6356 0 0 0
56 6456 0 0 0
56 6656 0 0 0
56 7056 0 0 0
56 7556 0 0 0
56 7656 0 0 0
56 8456 0 0 0
56 8756 0 0 0
56 8856 0 0 0
56 9256 0 0 0
57  2057 0 0
57  2257 0 0
57  2857 0 0
57  2957 0 0
57  3057 0 0
57  3557 0 0
57  3657 0 0
57  3757 0 0
57  4257 0 0
57  4857 0 0
57  4957 0 0
57  6357 0 0
57  6857 0 0
57  6957 0 0
57  7057 0 0
57  8157 0 0
57  8357 0 0
57  8557 0 0
57  8857 0 0
57  9057 0 0
57 2057 0 0 0
57 2257 0 0 0
57 2857 0 0 0
57 2957 0 0 0
57 3057 0 0 0
57 3557 0 0 0
57 3657 0 0 0
57 3757 0 0 0
57 4257 0 0 0
57 4857 0 0 0
57 4957 0 0 0
57 6357 0 0 0
57 6857 0 0 0
57 6957 0 0 0
57 7057 0 0 0
57 8157 0 0 0
57 8357 0 0 0
57 8557 0 0 0
57 8857 0 0 0
57 9057 0 0 0
58  1158 0 0
58  1758 0 0
58  1858 0 0
58  2358 0 0
58  2558 0 0
58  2858 0 0
58  3158 0 0
58  3358 0 0
58  3658 0 0
58  4058 0 0
58  4358 0 0
58  5158 0 0
58  5658 0 0
58  5858 0 0
58  6258 0 0
58  6958 0 0
58  7658 0 0
58  7858 0 0
58  9058 0 0
58  9458 0 0
58 1158 0 0 0
58 1758 0 0 0
58 1858 0 0 0
58 2358 0 0 0
58 2558 0 0 0
58 2858 0 0 0
58 3158 0 0 0
58 3358 0 0 0
58 3658 0 0 0
58 4058 0 0 0
58 4358 0 0 0
58 5158 0 0 0
58 5658 0 0 0
58 5858 0 0 0
58 6258 0 0 0
58 6958 0 0 0
58 7658 0 0 0
58 7858 0 0 0
58 9058 0 0 0
58 9458 0 0 0
59  1159 0 0
59  1259 0 0
59  1559 0 0
59  2159 0 0
59  2559 0 0
59  2759 0 0
59  2859 0 0
59  3559 0 0
59  3859 0 0
59  4159 0 0
59  4659 0 0
59  5459 0 0
59  5559 0 0
59  6359 0 0
59  7059 0 0
59  8259 0 0
59  8959 0 0
59 1159 0 0 0
59 1259 0 0 0
59 1559 0 0 0
59 2159 0 0 0
59 2559 0 0 0
59 2759 0 0 0
59 2859 0 0 0
59 3559 0 0 0
59 3859 0 0 0
59 4159 0 0 0
59 4659 0 0 0
59 5459 0 0 0
59 5559 0 0 0
59 6359 0 0 0
59 7059 0 0 0
59 8259 0 0 0
59 8959 0 0 0
60  1260 0 0
60  2260 0 0
60  2460 0 0
60  2560 0 0
60  3160 0 0
60  3860 0 0
60  4060 0 0
60  4560 0 0
60  4760 0 0
60  4860 0 0
60  5360 0 0
60  6160 0 0
60  6460 0 0
60  6660 0 0
60  8760 0 0
60  9160 0 0
60  9660 0 0
60 1260 0 0 0
60 2260 0 0 0
60 2460 0 0 0
60 2560 0 0 0
60 3160 0 0 0
60 3860 0 0 0
60 4060 0 0 0
60 4560 0 0 0
60 4760 0 0 0
60 4860 0 0 0
60 5360 0 0 0
60 6160 0 0 0
60 6460 0 0 0
60 6660 0 0 0
60 8760 0 0 0
60 9160 0 0 0
60 9660 0 0 0
61  1961 0 0
61  2061 0 0
61  3061 0 0
61  3161 0 0
61  3261 0 0
61  4261 0 0
61  4861 0 0
61  5361 0 0
61  5461 0 0
61  5561 0 0
61  5961 0 0
61  6061 0 0
61  6561 0 0
61  6861 0 0
61  7561 0 0
61  7661 0 0
61  7761 0 0
61  8161 0 0
61  8561 0 0
61  9561 0 0
61  9761 0 0
61 1961 0 0 0
61 2061 0 0 0
61 3061 0 0 0
61 3161 0 0 0
61 3261 0 0 0
61 4261 0 0 0
61 4861 0 0 0
61 5361 0 0 0
61 5461 0 0 0
61 5561 0 0 0
61 5961 0 0 0
61 6061 0 0 0
61 6561 0 0 0
61 6861 0 0 0
61 7561 0 0 0
61 7661 0 0 0
61 7761 0 0 0
61 8161 0 0 0
61 8561 0 0 0
61 9561 0 0 0
61 9761 0 0 0
62  1062 0 0
62  1462 0 0
62  1562 0 0
62  1662 0 0
62  1762 0 0
62  2162 0 0
62  2262 0 0
62  2362 0 0
62  2762 0 0
62  2962 0 0
62  4562 0 0
62  4762 0 0
62  5062 0 0
62  5462 0 0
62  5562 0 0
62  5762 0 0
62  6162 0 0
62  6762 0 0
62  7262 0 0
62  7362 0 0
62  7762 0 0
62  7962 0 0
62  8462 0 0
62 1062 0 0 0
62 1462 0 0 0
62 1562 0 0 0
62 1662 0 0 0
62 1762 0 0 0
62 2162 0 0 0
62 2262 0 0 0
62 2362 0 0 0
62 2762 0 0 0
62 2962 0 0 0
62 4562 0 0 0
62 4762 0 0 0
62 5062 0 0 0
62 5462 0 0 0
62 5562 0 0 0
62 5762 0 0 0
62 6162 0 0 0
62 6762 0 0 0
62 7262 0 0 0
62 7362 0 0 0
62 7762 0 0 0
62 7962 0 0 0
62 8462 0 0 0
63  1763 0 0
63  1863 0 0
63  2363 0 0
63  3163 0 0
63  3563 0 0
63  3663 0 0
63  3863 0 0
63  4963 0 0
63  5463 0 0
63  6263 0 0
63  6763 0 0
63  7063 0 0
63  7263 0 0
63  8363 0 0
63  9863 0 0
63 1763 0 0 0
63 1863 0 0 0
63 2363 0 0 0
63 3163 0 0 0
63 3563 0 0 0
63 3663 0 0 0
63 3863 0 0 0
63 4963 0 0 0
63 5463 0 0 0
63 6263 0 0 0
63 6763 0 0 0
63 7063 0 0 0
63 7263 0 0 0
63 8363 0 0 0
63 9863 0 0 0
64  1364 0 0
64  1664 0 0
64  1764 0 0
64  1864 0 0
64  2664 0 0
64  2764 0 0
64  3064 0 0
64  3964 0 0
64  5464 0 0
64  5664 0 0
64  5764 0 0
64  6164 0 0
64  6864 0 0
64  6964 0 0
64  7064 0 0
64  7564 0 0
64  7764 0 0
64  9764 0 0
64  9864 0 0
64 1364 0 0 0
64 1664 0 0 0
64 1764 0 0 0
64 1864 0 0 0
64 2664 0 0 0
64 2764 0 0 0
64 3064 0 0 0
64 3964 0 0 0
64 5464 0 0 0
64 5664 0 0 0
64 5764 0 0 0
64 6164 0 0 0
64 6864 0 0 0
64 6964 0 0 0
64 7064 0 0 0
64 7564 0 0 0
64 7764 0 0 0
64 9764 0 0 0
64 9864 0 0 0
65  1065 0 0
65  1865 0 0
65  2065 0 0
65  2565 0 0
65  2765 0 0
65  2865 0 0
65  3665 0 0
65  3865 0 0
65  4265 0 0
65  4365 0 0
65  4965 0 0
65  5065 0 0
65  5165 0 0
65  5665 0 0
65  5865 0 0
65  6265 0 0
65  6565 0 0
65  6865 0 0
65  7265 0 0
65  7465 0 0
65  9765 0 0
65 1065 0 0 0
65 1865 0 0 0
65 2065 0 0 0
65 2565 0 0 0
65 2765 0 0 0
65 2865 0 0 0
65 3665 0 0 0
65 3865 0 0 0
65 4265 0 0 0
65 4365 0 0 0
65 4965 0 0 0
65 5065 0 0 0
65 5165 0 0 0
65 5665 0 0 0
65 5865 0 0 0
65 6265 0 0 0
65 6565 0 0 0
65 6865 0 0 0
65 7265 0 0 0
65 7465 0 0 0
65 9765 0 0 0
66  1166 0 0
66  1266 0 0
66  1766 0 0
66  3266 0 0
66  3566 0 0
66  3866 0 0
66  3966 0 0
66  4066 0 0
66  4766 0 0
66  4866 0 0
66  4966 0 0
66  5066 0 0
66  5266 0 0
66  5666 0 0
66  6166 0 0
66  6866 0 0
66  7366 0 0
66  8466 0 0
66  8666 0 0
66  9866 0 0
66  9966 0 0
66 1166 0 0 0
66 1266 0 0 0
66 1766 0 0 0
66 3266 0 0 0
66 3566 0 0 0
66 3866 0 0 0
66 3966 0 0 0
66 4066 0 0 0
66 4766 0 0 0
66 4866 0 0 0
66 4966 0 0 0
66 5066 0 0 0
66 5266 0 0 0
66 5666 0 0 0
66 6166 0 0 0
66 6866 0 0 0
66 7366 0 0 0
66 8466 0 0 0
66 8666 0 0 0
66 9866 0 0 0
66 9966 0 0 0
67  1467 0 0
67  2967 0 0
67  3667 0 0
67  4267 0 0
67  4367 0 0
67  4767 0 0
67  5167 0 0
67  6067 0 0
67  6267 0 0
67  6667 0 0
67  7067 0 0
67  8167 0 0
67  8267 0 0
67  8567 0 0
67  8767 0 0
67  9667 0 0
67  9767 0 0
67  9867 0 0
67 1467 0 0 0
67 2967 0 0 0
67 3667 0 0 0
67 4267 0 0 0
67 4367 0 0 0
67 4767 0 0 0
67 5167 0 0 0
67 6067 0 0 0
67 6267 0 0 0
67 6667 0 0 0
67 7067 0 0 0
67 8167 0 0 0
67 8267 0 0 0
67 8567 0 0 0
67 8767 0 0 0
67 9667 0 0 0
67 9767 0 0 0
67 9867 0 0 0
68  1068 0 0
68  1168 0 0
68  2368 0 0
68  2568 0 0
68  3668 0 0
68  3868 0 0
68  5268 0 0
68  5468 0 0
68  5568 0 0
68  5668 0 0
68  6868 0 0
68  7068 0 0
68  7768 0 0
68  8568 0 0
68  8668 0 0
68  8768 0 0
68  8868 0 0
68  8968 0 0
68  9268 0 0
68  9768 0 0
68 1068 0 0 0
68 1168 0 0 0
68 2368 0 0 0
68 2568 0 0 0
68 3668 0 0 0
68 3868 0 0 0
68 5268 0 0 0
68 5468 0 0 0
68 5568 0 0 0
68 5668 0 0 0
68 6868 0 0 0
68 7068 0 0 0
68 7768 0 0 0
68 8568 0 0 0
68 8668 0 0 0
68 8768 0 0 0
68 8868 0 0 0
68 8968 0 0 0
68 9268 0 0 0
68 9768 0 0 0
69  1669 0 0
69  2069 0 0
69  2469 0 0
69  3169 0 0
69  3369 0 0
69  3869 0 0
69  4569 0 0
69  5169 0 0
69  5269 0 0
69  5369 0 0
69  5569 0 0
69  5769 0 0
69  6869 0 0
69  7569 0 0
69  7769 0 0
69  7869 0 0
69  8069 0 0
69  8469 0 0
69  8869 0 0
69  9369 0 0
69  9869 0 0
69 1669 0 0 0
69 2069 0 0 0
69 2469 0 0 0
69 3169 0 0 0
69 3369 0 0 0
69 3869 0 0 0
69 4569 0 0 0
69 5169 0 0 0
69 5269 0 0 0
69 5369 0 0 0
69 5569 0 0 0
69 5769 0 0 0
69 6869 0 0 0
69 7569 0 0 0
69 7769 0 0 0
69 7869 0 0 0
69 8069 0 0 0
69 8469 0 0 0
69 8869 0 0 0
69 9369 0 0 0
69 9869 0 0 0
70  1070 0 0
70  1270 0 0
70  1570 0 0
70  2170 0 0
70  2670 0 0
70  2870 0 0
70  2970 0 0
70  3370 0 0
70  3770 0 0
70  5070 0 0
70  5570 0 0
70  5870 0 0
70  6870 0 0
70  6970 0 0
70  8070 0 0
70  8270 0 0
70  8470 0 0
70  8670 0 0
70  8770 0 0
70  8970 0 0
70  9070 0 0
70  9270 0 0
70  9670 0 0
70 1070 0 0 0
70 1270 0 0 0
70 1570 0 0 0
70 2170 0 0 0
70 2670 0 0 0
70 2870 0 0 0
70 2970 0 0 0
70 3370 0 0 0
70 3770 0 0 0
70 5070 0 0 0
70 5570 0 0 0
70 5870 0 0 0
70 6870 0 0 0
70 6970 0 0 0
70 8070 0 0 0
70 8270 0 0 0
70 8470 0 0 0
70 8670 0 0 0
70 8770 0 0 0
70 8970 0 0 0
70 9070 0 0 0
70 9270 0 0 0
70 9670 0 0 0
71  1571 0 0
71  2371 0 0
71  2571 0 0
71  2871 0 0
71  2971 0 0
71  3371 0 0
71  3971 0 0
71  4471 0 0
71  4671 0 0
71  4871 0 0
71  5071 0 0
71  5271 0 0
71  5671 0 0
71  6171 0 0
71  6771 0 0
71  6971 0 0
71  9171 0 0
71  9771 0 0
71 1571 0 0 0
71 2371 0 0 0
71 2571 0 0 0
71 2871 0 0 0
71 2971 0 0 0
71 3371 0 0 0
71 3971 0 0 0
71 4471 0 0 0
71 4671 0 0 0
71 4871 0 0 0
71 5071 0 0 0
71 5271 0 0 0
71 5671 0 0 0
71 6171 0 0 0
71 6771 0 0 0
71 6971 0 0 0
71 9171 0 0 0
71 9771 0 0 0
72  1272 0 0
72  1672 0 0
72  1972 0 0
72  2872 0 0
72  4872 0 0
72  4972 0 0
72  5172 0 0
72  5672 0 0
72  6072 0 0
72  6772 0 0
72  7372 0 0
72  7772 0 0
72  8472 0 0
72  9672 0 0
72  9872 0 0
72 1272 0 0 0
72 1672 0 0 0
72 1972 0 0 0
72 2872 0 0 0
72 4872 0 0 0
72 4972 0 0 0
72 5172 0 0 0
72 5672 0 0 0
72 6072 0 0 0
72 6772 0 0 0
72 7372 0 0 0
72 7772 0 0 0
72 8472 0 0 0
72 9672 0 0 0
72 9872 0 0 0
73  1673 0 0
73  1773 0 0
73  2673 0 0
73  2873 0 0
73  3073 0 0
73  4273 0 0
73  4573 0 0
73  4673 0 0
73  4773 0 0
73  4873 0 0
73  4973 0 0
73  5273 0 0
73  5373 0 0
73  5773 0 0
73  6273 0 0
73  6373 0 0
73  6673 0 0
73  7373 0 0
73  7773 0 0
73  8173 0 0
73  8773 0 0
73  8973 0 0
73  9573 0 0
73  9673 0 0
73  9873 0 0
73  9973 0 0
73 1673 0 0 0
73 1773 0 0 0
73 2673 0 0 0
73 2873 0 0 0
73 3073 0 0 0
73 4273 0 0 0
73 4573 0 0 0
73 4673 0 0 0
73 4773 0 0 0
73 4873 0 0 0
73 4973 0 0 0
73 5273 0 0 0
73 5373 0 0 0
73 5773 0 0 0
73 6273 0 0 0
73 6373 0 0 0
73 6673 0 0 0
73 7373 0 0 0
73 7773 0 0 0
73 8173 0 0 0
73 8773 0 0 0
73 8973 0 0 0
73 9573 0 0 0
73 9673 0 0 0
73 9873 0 0 0
73 9973 0 0 0
74  1374 0 0
74  1774 0 0
74  2274 0 0
74  2974 0 0
74  3774 0 0
74  4174 0 0
74  4374 0 0
74  4574 0 0
74  4674 0 0
74  4874 0 0
74  5874 0 0
74  6674 0 0
74  6874 0 0
74  7074 0 0
74  7174 0 0
74  7974 0 0
74  8074 0 0
74  8174 0 0
74  8574 0 0
74  9674 0 0
74 1374 0 0 0
74 1774 0 0 0
74 2274 0 0 0
74 2974 0 0 0
74 3774 0 0 0
74 4174 0 0 0
74 4374 0 0 0
74 4574 0 0 0
74 4674 0 0 0
74 4874 0 0 0
74 5874 0 0 0
74 6674 0 0 0
74 6874 0 0 0
74 7074 0 0 0
74 7174 0 0 0
74 7974 0 0 0
74 8074 0 0 0
74 8174 0 0 0
74 8574 0 0 0
74 9674 0 0 0
75  1375 0 0
75  1475 0 0
75  2475 0 0
75  2775 0 0
75  3175 0 0
75  3875 0 0
75  3975 0 0
75  4475 0 0
75  4675 0 0
75  4775 0 0
75  5175 0 0
75  5375 0 0
75  5475 0 0
75  5575 0 0
75  5775 0 0
75  6175 0 0
75  6675 0 0
75  6775 0 0
75  7275 0 0
75  7375 0 0
75  7475 0 0
75  7775 0 0
75  7875 0 0
75  8175 0 0
75  9275 0 0
75  9375 0 0
75 1375 0 0 0
75 1475 0 0 0
75 2475 0 0 0
75 2775 0 0 0
75 3175 0 0 0
75 3875 0 0 0
75 3975 0 0 0
75 4475 0 0 0
75 4675 0 0 0
75 4775 0 0 0
75 5175 0 0 0
75 5375 0 0 0
75 5475 0 0 0
75 5575 0 0 0
75 5775 0 0 0
75 6175 0 0 0
75 6675 0 0 0
75 6775 0 0 0
75 7275 0 0 0
75 7375 0 0 0
75 7475 0 0 0
75 7775 0 0 0
75 7875 0 0 0
75 8175 0 0 0
75 9275 0 0 0
75 9375 0 0 0
76  1376 0 0
76  1976 0 0
76  2176 0 0
76  2476 0 0
76  2576 0 0
76  3276 0 0
76  3676 0 0
76  4276 0 0
76  4676 0 0
76  5076 0 0
76  5376 0 0
76  6276 0 0
76  6376 0 0
76  6876 0 0
76  7376 0 0
76  7576 0 0
76  8376 0 0
76 1376 0 0 0
76 1976 0 0 0
76 2176 0 0 0
76 2476 0 0 0
76 2576 0 0 0
76 3276 0 0 0
76 3676 0 0 0
76 4276 0 0 0
76 4676 0 0 0
76 5076 0 0 0
76 5376 0 0 0
76 6276 0 0 0
76 6376 0 0 0
76 6876 0 0 0
76 7376 0 0 0
76 7576 0 0 0
76 8376 0 0 0
77  1077 0 0
77  1277 0 0
77  2877 0 0
77  3277 0 0
77  3677 0 0
77  3877 0 0
77  4377 0 0
77  4477 0 0
77  4977 0 0
77  5677 0 0
77  6077 0 0
77  6277 0 0
77  6877 0 0
77  7077 0 0
77  7377 0 0
77  7677 0 0
77  8177 0 0
77  8477 0 0
77  9977 0 0
77 1077 0 0 0
77 1277 0 0 0
77 2877 0 0 0
77 3277 0 0 0
77 3677 0 0 0
77 3877 0 0 0
77 4377 0 0 0
77 4477 0 0 0
77 4977 0 0 0
77 5677 0 0 0
77 6077 0 0 0
77 6277 0 0 0
77 6877 0 0 0
77 7077 0 0 0
77 7377 0 0 0
77 7677 0 0 0
77 8177 0 0 0
77 8477 0 0 0
77 9977 0 0 0
78  1678 0 0
78  2678 0 0
78  3178 0 0
78  3378 0 0
78  3478 0 0
78  4578 0 0
78  4978 0 0
78  5078 0 0
78  7378 0 0
78  7878 0 0
78  8178 0 0
78  8278 0 0
78  8478 0 0
78  9178 0 0
78  9378 0 0
78  9878 0 0
78 1678 0 0 0
78 2678 0 0 0
78 3178 0 0 0
78 3378 0 0 0
78 3478 0 0 0
78 4578 0 0 0
78 4978 0 0 0
78 5078 0 0 0
78 7378 0 0 0
78 7878 0 0 0
78 8178 0 0 0
78 8278 0 0 0
78 8478 0 0 0
78 9178 0 0 0
78 9378 0 0 0
78 9878 0 0 0
79  1779 0 0
79  2079 0 0
79  2379 0 0
79  3379 0 0
79  3779 0 0
79  4179 0 0
79  4579 0 0
79  4879 0 0
79  4979 0 0
79  5579 0 0
79  5879 0 0
79  6179 0 0
79  6879 0 0
79  6979 0 0
79  7579 0 0
79  7979 0 0
79  8279 0 0
79  8479 0 0
79  9179 0 0
79  9679 0 0
79  9879 0 0
79 1779 0 0 0
79 2079 0 0 0
79 2379 0 0 0
79 3379 0 0 0
79 3779 0 0 0
79 4179 0 0 0
79 4579 0 0 0
79 4879 0 0 0
79 4979 0 0 0
79 5579 0 0 0
79 5879 0 0 0
79 6179 0 0 0
79 6879 0 0 0
79 6979 0 0 0
79 7579 0 0 0
79 7979 0 0 0
79 8279 0 0 0
79 8479 0 0 0
79 9179 0 0 0
79 9679 0 0 0
79 9879 0 0 0
80  1280 0 0
80  1480 0 0
80  2080 0 0
80  2680 0 0
80  2780 0 0
80  2980 0 0
80  3080 0 0
80  4380 0 0
80  4580 0 0
80  4680 0 0
80  5380 0 0
80  5780 0 0
80  6080 0 0
80  7180 0 0
80  7480 0 0
80  7680 0 0
80  8180 0 0
80  9080 0 0
80  9180 0 0
80  9380 0 0
80  9980 0 0
80 1280 0 0 0
80 1480 0 0 0
80 2080 0 0 0
80 2680 0 0 0
80 2780 0 0 0
80 2980 0 0 0
80 3080 0 0 0
80 4380 0 0 0
80 4580 0 0 0
80 4680 0 0 0
80 5380 0 0 0
80 5780 0 0 0
80 6080 0 0 0
80 7180 0 0 0
80 7480 0 0 0
80 7680 0 0 0
80 8180 0 0 0
80 9080 0 0 0
80 9180 0 0 0
80 9380 0 0 0
80 9980 0 0 0
81  1081 0 0
81  1681 0 0
81  1881 0 0
81  2881 0 0
81  3081 0 0
81  3381 0 0
81  3581 0 0
81  3881 0 0
81  3981 0 0
81  4181 0 0
81  4281 0 0
81  4781 0 0
81  5381 0 0
81  5681 0 0
81  6081 0 0
81  6181 0 0
81  6681 0 0
81  7181 0 0
81  9081 0 0
81  9881 0 0
81 1081 0 0 0
81 1681 0 0 0
81 1881 0 0 0
81 2881 0 0 0
81 3081 0 0 0
81 3381 0 0 0
81 3581 0 0 0
81 3881 0 0 0
81 3981 0 0 0
81 4181 0 0 0
81 4281 0 0 0
81 4781 0 0 0
81 5381 0 0 0
81 5681 0 0 0
81 6081 0 0 0
81 6181 0 0 0
81 6681 0 0 0
81 7181 0 0 0
81 9081 0 0 0
81 9881 0 0 0
82  1382 0 0
82  1682 0 0
82  2182 0 0
82  2382 0 0
82  2482 0 0
82  3082 0 0
82  3282 0 0
82  3782 0 0
82  4082 0 0
82  4782 0 0
82  5182 0 0
82  5682 0 0
82  5982 0 0
82  6082 0 0
82  6182 0 0
82  6282 0 0
82  7982 0 0
82  8482 0 0
82  8782 0 0
82 1382 0 0 0
82 1682 0 0 0
82 2182 0 0 0
82 2382 0 0 0
82 2482 0 0 0
82 3082 0 0 0
82 3282 0 0 0
82 3782 0 0 0
82 4082 0 0 0
82 4782 0 0 0
82 5182 0 0 0
82 5682 0 0 0
82 5982 0 0 0
82 6082 0 0 0
82 6182 0 0 0
82 6282 0 0 0
82 7982 0 0 0
82 8482 0 0 0
82 8782 0 0 0
83  1383 0 0
83  1883 0 0
83  2383 0 0
83  2683 0 0
83  3083 0 0
83  3283 0 0
83  3383 0 0
83  3783 0 0
83  3883 0 0
83  4083 0 0
83  5383 0 0
83  6083 0 0
83  6783 0 0
83  7383 0 0
83  7583 0 0
83  7883 0 0
83  9083 0 0
83  9483 0 0
83 1383 0 0 0
83 1883 0 0 0
83 2383 0 0 0
83 2683 0 0 0
83 3083 0 0 0
83 3283 0 0 0
83 3383 0 0 0
83 3783 0 0 0
83 3883 0 0 0
83 4083 0 0 0
83 5383 0 0 0
83 6083 0 0 0
83 6783 0 0 0
83 7383 0 0 0
83 7583 0 0 0
83 7883 0 0 0
83 9083 0 0 0
83 9483 0 0 0
84  1084 0 0
84  1384 0 0
84  1484 0 0
84  2384 0 0
84  2784 0 0
84  3384 0 0
84  3484 0 0
84  3984 0 0
84  4384 0 0
84  4484 0 0
84  4584 0 0
84  4784 0 0
84  4984 0 0
84  5084 0 0
84  5484 0 0
84  5584 0 0
84  5684 0 0
84  6684 0 0
84  6984 0 0
84  7184 0 0
84  7584 0 0
84  7884 0 0
84  7984 0 0
84  8184 0 0
84  8284 0 0
84  9384 0 0
84  9784 0 0
84 1084 0 0 0
84 1384 0 0 0
84 1484 0 0 0
84 2384 0 0 0
84 2784 0 0 0
84 3384 0 0 0
84 3484 0 0 0
84 3984 0 0 0
84 4384 0 0 0
84 4484 0 0 0
84 4584 0 0 0
84 4784 0 0 0
84 4984 0 0 0
84 5084 0 0 0
84 5484 0 0 0
84 5584 0 0 0
84 5684 0 0 0
84 6684 0 0 0
84 6984 0 0 0
84 7184 0 0 0
84 7584 0 0 0
84 7884 0 0 0
84 7984 0 0 0
84 8184 0 0 0
84 8284 0 0 0
84 9384 0 0 0
84 9784 0 0 0
85  1185 0 0
85  2285 0 0
85  3185 0 0
85  3685 0 0
85  4385 0 0
85  4585 0 0
85  4685 0 0
85  4885 0 0
85  5285 0 0
85  5485 0 0
85  5585 0 0
85  5785 0 0
85  5885 0 0
85  6085 0 0
85  6585 0 0
85  6685 0 0
85  6885 0 0
85  7685 0 0
85  8385 0 0
85  8685 0 0
85  9185 0 0
85  9285 0 0
85  9585 0 0
85 1185 0 0 0
85 2285 0 0 0
85 3185 0 0 0
85 3685 0 0 0
85 4385 0 0 0
85 4585 0 0 0
85 4685 0 0 0
85 4885 0 0 0
85 5285 0 0 0
85 5485 0 0 0
85 5585 0 0 0
85 5785 0 0 0
85 5885 0 0 0
85 6085 0 0 0
85 6585 0 0 0
85 6685 0 0 0
85 6885 0 0 0
85 7685 0 0 0
85 8385 0 0 0
85 8685 0 0 0
85 9185 0 0 0
85 9285 0 0 0
85 9585 0 0 0
86  1286 0 0
86  1986 0 0
86  2186 0 0
86  2286 0 0
86  2686 0 0
86  3086 0 0
86  3186 0 0
86  3286 0 0
86  3486 0 0
86  3886 0 0
86  4186 0 0
86  4386 0 0
86  5086 0 0
86  5286 0 0
86  5386 0 0
86  6086 0 0
86  7386 0 0
86  8286 0 0
86  8486 0 0
86  9086 0 0
86 1286 0 0 0
86 1986 0 0 0
86 2186 0 0 0
86 2286 0 0 0
86 2686 0 0 0
86 3086 0 0 0
86 3186 0 0 0
86 3286 0 0 0
86 3486 0 0 0
86 3886 0 0 0
86 4186 0 0 0
86 4386 0 0 0
86 5086 0 0 0
86 5286 0 0 0
86 5386 0 0 0
86 6086 0 0 0
86 7386 0 0 0
86 8286 0 0 0
86 8486 0 0 0
86 9086 0 0 0
87  1387 0 0
87  1687 0 0
87  2187 0 0
87  2687 0 0
87  2887 0 0
87  2987 0 0
87  3387 0 0
87  3587 0 0
87  4287 0 0
87  4787 0 0
87  4887 0 0
87  5287 0 0
87  5687 0 0
87  6387 0 0
87  6787 0 0
87  7487 0 0
87  7587 0 0
87  7687 0 0
87  7987 0 0
87  8687 0 0
87  8887 0 0
87  9287 0 0
87  9487 0 0
87  9587 0 0
87  9687 0 0
87 1387 0 0 0
87 1687 0 0 0
87 2187 0 0 0
87 2687 0 0 0
87 2887 0 0 0
87 2987 0 0 0
87 3387 0 0 0
87 3587 0 0 0
87 4287 0 0 0
87 4787 0 0 0
87 4887 0 0 0
87 5287 0 0 0
87 5687 0 0 0
87 6387 0 0 0
87 6787 0 0 0
87 7487 0 0 0
87 7587 0 0 0
87 7687 0 0 0
87 7987 0 0 0
87 8687 0 0 0
87 8887 0 0 0
87 9287 0 0 0
87 9487 0 0 0
87 9587 0 0 0
87 9687 0 0 0
88  1188 0 0
88  1588 0 0
88  1988 0 0
88  2188 0 0
88  2288 0 0
88  3688 0 0
88  3888 0 0
88  4388 0 0
88  4488 0 0
88  4588 0 0
88  4788 0 0
88  4888 0 0
88  5888 0 0
88  6088 0 0
88  6188 0 0
88  6288 0 0
88  6388 0 0
88  7088 0 0
88  7988 0 0
88  8188 0 0
88  9588 0 0
88  9888 0 0
88 1188 0 0 0
88 1588 0 0 0
88 1988 0 0 0
88 2188 0 0 0
88 2288 0 0 0
88 3688 0 0 0
88 3888 0 0 0
88 4388 0 0 0
88 4488 0 0 0
88 4588 0 0 0
88 4788 0 0 0
88 4888 0 0 0
88 5888 0 0 0
88 6088 0 0 0
88 6188 0 0 0
88 6288 0 0 0
88 6388 0 0 0
88 7088 0 0 0
88 7988 0 0 0
88 8188 0 0 0
88 9588 0 0 0
88 9888 0 0 0
89  1089 0 0
89  1289 0 0
89  1889 0 0
89  1989 0 0
89  2289 0 0
89  2489 0 0
89  2589 0 0
89  3089 0 0
89  3289 0 0
89  3389 0 0
89  3989 0 0
89  5089 0 0
89  5189 0 0
89  5389 0 0
89  5989 0 0
89  7489 0 0
89  7689 0 0
89  7789 0 0
89  9689 0 0
89  9889 0 0
89 1089 0 0 0
89 1289 0 0 0
89 1889 0 0 0
89 1989 0 0 0
89 2289 0 0 0
89 2489 0 0 0
89 2589 0 0 0
89 3089 0 0 0
89 3289 0 0 0
89 3389 0 0 0
89 3989 0 0 0
89 5089 0 0 0
89 5189 0 0 0
89 5389 0 0 0
89 5989 0 0 0
89 7489 0 0 0
89 7689 0 0 0
89 7789 0 0 0
89 9689 0 0 0
89 9889 0 0 0
90  1190 0 0
90  1490 0 0
90  1890 0 0
90  2490 0 0
90  2890 0 0
90  3590 0 0
90  3890 0 0
90  4190 0 0
90  4590 0 0
90  4690 0 0
90  4990 0 0
90  5390 0 0
90  5590 0 0
90  6390 0 0
90  6490 0 0
90  6590 0 0
90  6690 0 0
90  6890 0 0
90  7090 0 0
90  7790 0 0
90  8090 0 0
90  8390 0 0
90  8490 0 0
90  8990 0 0
90  9090 0 0
90 1190 0 0 0
90 1490 0 0 0
90 1890 0 0 0
90 2490 0 0 0
90 2890 0 0 0
90 3590 0 0 0
90 3890 0 0 0
90 4190 0 0 0
90 4590 0 0 0
90 4690 0 0 0
90 4990 0 0 0
90 5390 0 0 0
90 5590 0 0 0
90 6390 0 0 0
90 6490 0 0 0
90 6590 0 0 0
90 6690 0 0 0
90 6890 0 0 0
90 7090 0 0 0
90 7790 0 0 0
90 8090 0 0 0
90 8390 0 0 0
90 8490 0 0 0
90 8990 0 0 0
90 9090 0 0 0
91  1191 0 0
91  2091 0 0
91  2391 0 0
91  2491 0 0
91  2791 0 0
91  3291 0 0
91  3791 0 0
91  4091 0 0
91  4391 0 0
91  4591 0 0
91  4691 0 0
91  4791 0 0
91  4891 0 0
91  5991 0 0
91  6391 0 0
91  6491 0 0
91  6591 0 0
91  7991 0 0
91  8091 0 0
91  8791 0 0
91  9091 0 0
91  9491 0 0
91  9591 0 0
91  9791 0 0
91 1191 0 0 0
91 2091 0 0 0
91 2391 0 0 0
91 2491 0 0 0
91 2791 0 0 0
91 3291 0 0 0
91 3791 0 0 0
91 4091 0 0 0
91 4391 0 0 0
91 4591 0 0 0
91 4691 0 0 0
91 4791 0 0 0
91 4891 0 0 0
91 5991 0 0 0
91 6391 0 0 0
91 6491 0 0 0
91 6591 0 0 0
91 7991 0 0 0
91 8091 0 0 0
91 8791 0 0 0
91 9091 0 0 0
91 9491 0 0 0
91 9591 0 0 0
91 9791 0 0 0
92  1292 0 0
92  1692 0 0
92  2992 0 0
92  3792 0 0
92  3892 0 0
92  4192 0 0
92  4392 0 0
92  4492 0 0
92  4992 0 0
92  5192 0 0
92  5592 0 0
92  5792 0 0
92  6092 0 0
92  6292 0 0
92  6492 0 0
92  6592 0 0
92  6692 0 0
92  7592 0 0
92  7992 0 0
92  8792 0 0
92  8892 0 0
92  9392 0 0
92  9492 0 0
92  9592 0 0
92 1292 0 0 0
92 1692 0 0 0
92 2992 0 0 0
92 3792 0 0 0
92 3892 0 0 0
92 4192 0 0 0
92 4392 0 0 0
92 4492 0 0 0
92 4992 0 0 0
92 5192 0 0 0
92 5592 0 0 0
92 5792 0 0 0
92 6092 0 0 0
92 6292 0 0 0
92 6492 0 0 0
92 6592 0 0 0
92 6692 0 0 0
92 7592 0 0 0
92 7992 0 0 0
92 8792 0 0 0
92 8892 0 0 0
92 9392 0 0 0
92 9492 0 0 0
92 9592 0 0 0
93  1293 0 0
93  1693 0 0
93  1793 0 0
93  1993 0 0
93  2193 0 0
93  2693 0 0
93  2893 0 0
93  2993 0 0
93  4693 0 0
93  4793 0 0
93  5393 0 0
93  5893 0 0
93  6293 0 0
93  6793 0 0
93  6993 0 0
93  7193 0 0
93  7493 0 0
93  7793 0 0
93  8893 0 0
93  9093 0 0
93  9193 0 0
93  9793 0 0
93  9993 0 0
93 1293 0 0 0
93 1693 0 0 0
93 1793 0 0 0
93 1993 0 0 0
93 2193 0 0 0
93 2693 0 0 0
93 2893 0 0 0
93 2993 0 0 0
93 4693 0 0 0
93 4793 0 0 0
93 5393 0 0 0
93 5893 0 0 0
93 6293 0 0 0
93 6793 0 0 0
93 6993 0 0 0
93 7193 0 0 0
93 7493 0 0 0
93 7793 0 0 0
93 8893 0 0 0
93 9093 0 0 0
93 9193 0 0 0
93 9793 0 0 0
93 9993 0 0 0
94  1594 0 0
94  1694 0 0
94  2094 0 0
94  2894 0 0
94  3094 0 0
94  3694 0 0
94  6494 0 0
94  6894 0 0
94  7194 0 0
94  8294 0 0
94  8394 0 0
94  8694 0 0
94  9094 0 0
94  9794 0 0
94 1594 0 0 0
94 1694 0 0 0
94 2094 0 0 0
94 2894 0 0 0
94 3094 0 0 0
94 3694 0 0 0
94 6494 0 0 0
94 6894 0 0 0
94 7194 0 0 0
94 8294 0 0 0
94 8394 0 0 0
94 8694 0 0 0
94 9094 0 0 0
94 9794 0 0 0
95  1295 0 0
95  1495 0 0
95  1595 0 0
95  1895 0 0
95  2595 0 0
95  3495 0 0
95  3795 0 0
95  4595 0 0
95  4995 0 0
95  6095 0 0
95  6395 0 0
95  6695 0 0
95  6795 0 0
95  7195 0 0
95  7295 0 0
95  8395 0 0
95  8895 0 0
95  9095 0 0
95  9195 0 0
95 1295 0 0 0
95 1495 0 0 0
95 1595 0 0 0
95 1895 0 0 0
95 2595 0 0 0
95 3495 0 0 0
95 3795 0 0 0
95 4595 0 0 0
95 4995 0 0 0
95 6095 0 0 0
95 6395 0 0 0
95 6695 0 0 0
95 6795 0 0 0
95 7195 0 0 0
95 7295 0 0 0
95 8395 0 0 0
95 8895 0 0 0
95 9095 0 0 0
95 9195 0 0 0
96  1196 0 0
96  2096 0 0
96  2496 0 0
96  2996 0 0
96  3296 0 0
96  3496 0 0
96  3596 0 0
96  3796 0 0
96  4096 0 0
96  4296 0 0
96  4496 0 0
96  4796 0 0
96  4896 0 0
96  4996 0 0
96  5196 0 0
96  5296 0 0
96  5896 0 0
96  6096 0 0
96  6296 0 0
96  7296 0 0
96  7796 0 0
96  8196 0 0
96  8396 0 0
96  9896 0 0
96 1196 0 0 0
96 2096 0 0 0
96 2496 0 0 0
96 2996 0 0 0
96 3296 0 0 0
96 3496 0 0 0
96 3596 0 0 0
96 3796 0 0 0
96 4096 0 0 0
96 4296 0 0 0
96 4496 0 0 0
96 4796 0 0 0
96 4896 0 0 0
96 4996 0 0 0
96 5196 0 0 0
96 5296 0 0 0
96 5896 0 0 0
96 6096 0 0 0
96 6296 0 0 0
96 7296 0 0 0
96 7796 0 0 0
96 8196 0 0 0
96 8396 0 0 0
96 9896 0 0 0
97  1397 0 0
97  1697 0 0
97  2697 0 0
97  2797 0 0
97  4197 0 0
97  4297 0 0
97  4497 0 0
97  4597 0 0
97  4797 0 0
97  4997 0 0
97  5197 0 0
97  5697 0 0
97  5997 0 0
97  6697 0 0
97  6797 0 0
97  7097 0 0
97  7597 0 0
97  7897 0 0
97  8497 0 0
97  9297 0 0
97  9397 0 0
97  9697 0 0
97 1397 0 0 0
97 1697 0 0 0
97 2697 0 0 0
97 2797 0 0 0
97 4197 0 0 0
97 4297 0 0 0
97 4497 0 0 0
97 4597 0 0 0
97 4797 0 0 0
97 4997 0 0 0
97 5197 0 0 0
97 5697 0 0 0
97 5997 0 0 0
97 6697 0 0 0
97 6797 0 0 0
97 7097 0 0 0
97 7597 0 0 0
97 7897 0 0 0
97 8497 0 0 0
97 9297 0 0 0
97 9397 0 0 0
97 9697 0 0 0
98  1198 0 0
98  1698 0 0
98  1998 0 0
98  2198 0 0
98  2498 0 0
98  2798 0 0
98  3098 0 0
98  3698 0 0
98  4298 0 0
98  4698 0 0
98  4998 0 0
98  5098 0 0
98  5598 0 0
98  5698 0 0
98  6798 0 0
98  7498 0 0
98  9198 0 0
98  9398 0 0
98  9798 0 0
98  9898 0 0
98 1198 0 0 0
98 1698 0 0 0
98 1998 0 0 0
98 2198 0 0 0
98 2498 0 0 0
98 2798 0 0 0
98 3098 0 0 0
98 3698 0 0 0
98 4298 0 0 0
98 4698 0 0 0
98 4998 0 0 0
98 5098 0 0 0
98 5598 0 0 0
98 5698 0 0 0
98 6798 0 0 0
98 7498 0 0 0
98 9198 0 0 0
98 9398 0 0 0
98 9798 0 0 0
98 9898 0 0 0
99  1099 0 0
99  1799 0 0
99  3399 0 0
99  3699 0 0
99  3999 0 0
99  4499 0 0
99  4699 0 0
99  5199 0 0
99  5599 0 0
99  5699 0 0
99  6199 0 0
99  6899 0 0
99  7099 0 0
99  7399 0 0
99  7699 0 0
99  8999 0 0
99  9899 0 0
99 1099 0 0 0
99 1799 0 0 0
99 3399 0 0 0
99 3699 0 0 0
99 3999 0 0 0
99 4499 0 0 0
99 4699 0 0 0
99 5199 0 0 0
99 5599 0 0 0
99 5699 0 0 0
99 6199 0 0 0
99 6899 0 0 0
99 7099 0 0 0
99 7399 0 0 0
99 7699 0 0 0
99 8999 0 0 0
99 9899 0 0 0
